section,descriçao,Tipo,valor,quartos,banheiros,metros_quadrados,vagas_carro,cidade,bairro,data de postagem
1,Casa Nova Eusébio,casa,489.000,3,3,122,,Fortaleza, Centro,26-08-2024  17:54
2,"10 CASAS todas ALUGADAS! EXCELENTE RETORNO, no Parque Presidente Vargas!",casa,29.000,,,,,Fortaleza, Parque Presidente Vargas,26-08-2024  17:39
3,Vendo ou repasso 240.000,casa,240.000,3,2,8,1,Fortaleza, Siqueira,26-08-2024  17:04
4,Vendo linda casa de praia! Escriturada!,casa,165.000,2,2,88,1,Beberibe,,26-08-2024  16:03
5,Casa plana com 3 suites 4 vagas no Cond Jardins de Murano,casa,1.150.011,4,4,185,,Eusébio,,26-08-2024  19:11
6,"Duplex em uma localização privilegiada, próximo ao colégio Ágape, no Eusébio",casa,739.900,3,3,132,,Eusébio,,26-08-2024  19:11
7,Excelente casa plana novinha no Ancuri com 2 quartos,casa,195.007,2,2,97,,Eusébio,,26-08-2024  19:11
8,Casa Excelente localização ?,casa,145.000,3,2,200,,Juazeiro do Norte, Centro,26-08-2024  19:06
9,Casa para vender,casa,,2,2,,,Fortaleza, Itaoca,26-08-2024  19:01
10,Vendo Casa Jardim Gonzaga,casa,380.000,3,2,180,,Juazeiro do Norte, Frei Damião,26-08-2024  18:48
11,Imóvel para venda possui 300 metros quadrados com 4 quartos em Coité - Eusébio - CE,casa,1.200.000,4,4,300,,Eusébio, Coité,26-08-2024  18:37
12,Vendo duplex ou troco,casa,70,5,1,,,Caucaia, Parque Potira (Jurema),26-08-2024  18:18
13,"Uma excelente casa, sonhe, planeje, e faça",casa,420.013,3,3,101,,Eusébio,,26-08-2024  18:11
14,Casa duplex em condominio na Messejana com 2 quartos e energia solar,casa,250.025,2,2,69,1,Fortaleza, Jangurussu,26-08-2024  18:11
15,Sua Casa de Luxo pé na areia no Porto das Dunas,casa,2.795.885,4,4,251,,Eusébio,,26-08-2024  18:11
16,Imóvel para venda com 260 metros quadrados com 4 quartos em Cidade Alpha - Eusébio - CE,casa,1.990.000,4,2,260,,Eusébio,,26-08-2024  18:10
17,Imóvel para venda possui 276 metros quadrados com 4 quartos,casa,740.000,4,4,276,,Fortaleza, Engenheiro Luciano Cavalcante,26-08-2024  18:10
18,Linda casa a venda no melhor do Eusebio,casa,320.000,3,3,88,,Eusébio,,26-08-2024  18:05
19,LINDA CASA DUPLEX DE CONDOMINIO À VENDA NA SAPIRANGA,casa,680.000,4,5,155,,Fortaleza, Sapiranga-Coité,26-08-2024  18:04
20,Repasse na região do parque Don Pedro,casa,38.000,2,2,80,1,Itaitinga,,26-08-2024  18:03
21,Casa na Sapiranga,casa,670.000,4,5,180,,Fortaleza, Sapiranga-Coité,26-08-2024  18:00
22,Casa,casa,180.000,,,,,Fortaleza, Moura Brasil,26-08-2024  17:38
23,Vende-se está casa valor negociável rua por sol,casa,85.000.000,3,1,,,Fortaleza, Barra do Ceará,26-08-2024  17:38
24,Excelente casa ampla com vista para o mar e 5 suítes.,casa,570.000,5,5,252,,Aquiraz,,26-08-2024  17:36
25,Casas planas com pele de vidro na Mangabeira,casa,339.998,3,2,82,,Eusébio,,26-08-2024  17:31
26,Casa para Vender,casa,90.000,,,,,Fortaleza, Lagoa Redonda,26-08-2024  17:29
27,Casa em Benfica - Fortaleza/CE,casa,321.400,4,4,342,,Fortaleza, Benfica,26-08-2024  17:28
28,Bairro Dunas Casa em condomínio de alto padrão,casa,3.850.000,4,5,370,,Fortaleza, De Lourdes,26-08-2024  17:28
29,Casa 02 quartos em itaitinga,casa,,2,2,,,Itaitinga,,26-08-2024  17:25
30,Vende-se casa,casa,150.000,,,,,Fortaleza, Barra do Ceará,26-08-2024  17:25
31,Vende ou aluga,casa,80.000.000,2,2,102,1,Caucaia, Itambé,26-08-2024  17:18
32,Imóvel para venda possui 90 metros quadrados com 2 quartos em Barrocão - Itaitinga - CE,casa,32.000,2,2,90,,Itaitinga,,26-08-2024  16:59
33,"Excelentes Casas Na Monguba, 02 Quartos, Proximo Da Ce 060; Doc. Gratis! Cód. 1UTKFK",casa,195.000,2,2,91,,Pacatuba, Pavuna,26-08-2024  16:58
34,Imóvel para venda possui 90 metros quadrados com 2 quartos em Barrocão - Itaitinga - CE,casa,185.000,2,2,90,,Itaitinga,,26-08-2024  16:52
35,Imóvel para venda possui 90 metros quadrados com 2 quartos em Barrocão - Itaitinga - CE,casa,170.000,2,2,90,,Itaitinga,,26-08-2024  16:50
36,"Linda Casa Com 3 Quartos No Jereissate 3, Dentro Do Loteamento Mãe Rainha 3! Cód. 1M3IBGC",casa,279.000,3,2,72,,Pacatuba, Senador Carlos Jereissati,26-08-2024  16:49
37,"Eusebio, Lindos Duplex Com 3 Quartos Viz. Ao Quintas Do Lago; 100M Da Ce 010! Cód. 1L3JKFK",casa,530.000,3,3,122,,Eusébio, Coaçu,26-08-2024  16:49
38,"Casa Plana De 3 Quartos No Mucunã Em Maracanaú, 300 Metros Da Ce 065! Cód. 8CLKFK",casa,220.000,3,2,86,,Maracanaú, Mucunã,26-08-2024  16:48
39,Moradas Da Serra; Casas Em Condominio Fechado No Jereissate 3! Cód. 1TM1KFK,casa,195.000,2,1,45,1,Pacatuba, Senador Carlos Jereissati,26-08-2024  16:46
40,Casa duplex de alto padrão com 4 suites no Jardim das Oliveiras,casa,820.000,4,4,152,,Eusébio,,26-08-2024  16:45
41,Casa duplex em excelente condomínio no Eusébio,casa,1.150.115,3,3,195,,Eusébio,,26-08-2024  16:44
42,"Casas C/ 02 Quartos Na Monguba Em Pacatuba, Excelente Acabamento! Cód. 1PFCBGC",casa,195.000,2,2,85,,Pacatuba, Monguba,26-08-2024  16:41
43,Mansões Do Lago Condominium; Casas Em Condominio Fechado Em Maracanaú! Cód. AAPKFK,casa,290.000,3,2,89,,Maracanaú, Jaçanaú,26-08-2024  16:41
44,"Casas No Luzardo Viana Em Maracanaú, Arquitetura Moderna, 100% Porcelanato Acabamento Fino",casa,325.000,3,2,89,,Maracanaú, Luzardo Viana,26-08-2024  16:41
45,"Lindas Casas Em Maranguape, 2 Quartos Pronta Para Morar! Cód. 1NRABGC",casa,195.000,2,2,75,,Sapupara, Sapupara,26-08-2024  16:36
46,Imóvel para venda tem 90 metros quadrados com 2 quartos em Barrocão - Itaitinga - CE,casa,180.000,2,2,90,,Itaitinga,,26-08-2024  16:36
47,"Casas Duplex De Altissimo Padrão No Luzardo Viana, 100% Porcelanato Acabamento Fino! Cód.",casa,460.000,3,3,131,,Maracanaú, Luzardo Viana,26-08-2024  16:33
48,"Eusebio, Casas Plana C/ 3 Quartos; Acabamento Fino, Excelente Localização! Cód. BH2BGC",casa,450.000,3,3,100,,Eusébio, Coité,26-08-2024  16:33
49,"Eusebio, Casas Com 3 Quartos Em Rua Privativa, Acabamento Fino! Cód. 1K1VKFK",casa,359.000,3,2,93,,Eusébio, Urucunema,26-08-2024  16:32
50,Mansão de luxo mobiliada e com 4 suítes- Edson Queiroz,casa,1.800.000,4,5,500,,Fortaleza, Edson Queiroz,26-08-2024  16:30
51,Casa duplex com 4 suítes no Porto das Dunas,casa,1.350.000,4,4,272,,Aquiraz,,26-08-2024  16:30
1,Casa duplex com varanda,casa,450.000,4,5,174,,Fortaleza, Montese,26-08-2024  15:25
2,Vende-se casa plana alta em Eusébio,casa,380.000,3,2,100,,Eusébio, Guaribas,26-08-2024  13:52
3,"Vendo. Aceito imovel, terreno e veículo na negociação",casa,220.000,2,2,69,,Fortaleza, Pedras,26-08-2024  11:36
4,Vendo Casa Mansão no Beach Park 4 Suítes Piscina Poço Vista Sensacional,casa,799.990,4,5,270,,Aquiraz,,26-08-2024  10:29
5,Ampla casa com 4 suítes em condomínio no Eusébio!,casa,1.200.000,4,5,350,,Eusébio, Centro,26-08-2024  16:30
6,Chalé duplex seminovo e mobiliado em Aracati,casa,1.500.000,3,4,2457,,Aracati,,26-08-2024  16:30
7,Excelente Duplex Em Condominio Fechado Na Monguba! Cód. 16LABGC,casa,175.000,2,2,77,1,Pacatuba, Pavuna,26-08-2024  16:29
8,"Maraponga, Casas De Alto Padrão; 800M Do Carajas Home Center, Acabamento Fino! Cód. QJTKFK",casa,389.900,3,4,94,,Fortaleza, Mondubim,26-08-2024  16:27
9,Ampla casa no Alphaville Eusébio com 6 suítes,casa,2.000.000,5,5,352,,Eusébio,,26-08-2024  16:26
10,Casa luxuosa de alto padrão no Alphaville Fortaleza.,casa,9.500.000,4,5,815,,Fortaleza, José de Alencar,26-08-2024  16:26
11,Casa moderna com 3 suítes em condomínio Jardins Ibiza,casa,2.650.000,3,5,325,,Eusébio,,26-08-2024  16:26
12,Linda casa com 3 suítes na Cidade Alpha,casa,1.250.000,3,4,169,,Eusébio,,26-08-2024  16:23
13,Ampla casa mobiliada e com 7 quartos em Aquiraz,casa,1.150.000,5,5,400,,Aquiraz,,26-08-2024  16:23
14,Linda casa moderna com 3 suítes em Fortim-Ce,casa,3.949.706,3,5,256,,Fortim,,26-08-2024  16:23
15,"Ocean Garden Cumbuco - Casa de alto padrão, pé na areia com 3 suítes.",casa,1.254.324,3,4,105,,Caucaia, Cumbuco,26-08-2024  16:23
16,Excelente casa com 4 suítes no Parque Manibura.,casa,1.000.000,4,5,266,,Fortaleza, Parque Manibura,26-08-2024  16:23
17,Casa mobiliada com 5 suítes e piscina privativa.,casa,3.500.000,5,5,372,,Aquiraz,,26-08-2024  16:23
18,Casa dúplex com 3 suítes e vista mar no Porto das Dunas.,casa,580.000,3,3,127,,Aquiraz,,26-08-2024  16:22
19,Casa com piscina privativa e 2 suítes em Aquiraz.,casa,590.000,2,3,95,,Aquiraz,,26-08-2024  16:22
20,Ampla casa com 6 suítes e vista mar em Taíba,casa,6.500.000,5,5,12100,,São Gonçalo do Amarante,,26-08-2024  16:22
21,Mansão em Beberibe com linda vista mar e lazer completo!,casa,1.300.000,5,5,227,,Beberibe,,26-08-2024  16:22
22,Excelente casa com piscina privativa e 4 dormitórios no Porto das Dunas,casa,800.000,4,4,467,,Aquiraz,,26-08-2024  16:21
23,"Casa duplex com vista mar, nascente e mobiliada no Porto das Dunas.",casa,480.000,3,3,101,1,Aquiraz,,26-08-2024  16:21
24,Casa de alto padrão com 5 suítes no Eusébio com lazer completo.,casa,3.200.000,5,5,341,,Eusébio,,26-08-2024  16:20
25,"Belíssima casa mobiliada, nascente total com 4 suítes no Porto das Dunas.",casa,900.000,4,5,260,,Aquiraz,,26-08-2024  16:20
26,Casa ampla com 4 quartos e piscina privativa - Porto das Dunas,casa,480.000,4,3,280,,Aquiraz,,26-08-2024  16:20
27,Casa duplex e nascente com 4 suítes e varanda gourmet.,casa,820.000,4,4,152,,Fortaleza, Jardim das Oliveiras,26-08-2024  16:20
28,Casa plana com 3 suítes em condomínio no Eusébio.,casa,520.000,3,3,110,,Eusébio,,26-08-2024  16:20
29,Casa duplex de alto padrão com 4 suítes em Eusébio.,casa,810.000,4,4,154,,Eusébio,,26-08-2024  16:19
30,Ampla casa duplex com 4 quartos em Eusébio.,casa,550.000,4,3,126,,Eusébio,,26-08-2024  16:19
31,Belíssima casa com 4 suítes e piscina privativa em Eusébio.,casa,759.900,4,4,144,,Eusébio,,26-08-2024  16:19
32,"Linda casa nascente, com 4 suítes e piscina privativa na Cidade Alpha.",casa,1.980.000,4,5,300,,Eusébio,,26-08-2024  16:19
33,"Casa Plana, Parque Rio Branco, 7,50m X 21,50m, 3 Qtos, Esquina. Doc. Juridicamente Perfeit",casa,550.000,3,3,161,,Fortaleza, Presidente Kennedy,26-08-2024  16:19
34,Casa duplex com lazer completo no Porto das Dunas!,casa,399.000,2,2,74,,Aquiraz,,26-08-2024  16:19
35,Casa em rua privativa com 3 quartos em Eusébio.,casa,399.900,3,3,90,,Eusébio,,26-08-2024  16:18
36,Ampla casa nascente total em Eusébio.,casa,409.000,3,3,103,,Eusébio,,26-08-2024  16:18
37,Ampla casa com 3 suítes em excelente localização em Eusébio.,casa,440.000,3,3,115,,Fortaleza, Lagoa Redonda,26-08-2024  16:18
38,Linda casa duplex com 4 suítes em Eusébio.,casa,650.000,4,4,141,,Eusébio,,26-08-2024  16:18
39,Casa ampla com 4 suítes com excelente localização em Eusébio.,casa,649.000,4,4,140,,Eusébio,,26-08-2024  16:18
40,Linda casa com 3 suítes e acabamento moderno em Eusébio!,casa,530.000,3,3,104,,Eusébio,,26-08-2024  16:18
41,Casa duplex de alto padrão com 4 suítes em Eusébio!,casa,925.000,4,5,154,,Eusébio,,26-08-2024  16:18
42,Casa duplex com lazer completo no Porto das Dunas,casa,399.000,2,2,74,,Aquiraz,,26-08-2024  16:18
43,Ampla casa com 5 suítes e piscina privativa no Porto das Dunas!,casa,995.000,5,5,437,,Aquiraz,,26-08-2024  16:18
44,Rua Fernando Sousa Gadelha,casa,613.662,3,3,118,,Eusébio,,26-08-2024  16:17
45,Linda casa com 4 suítes com excelente localização em Eusébio - Creta Residence,casa,651.000,4,4,149,,Eusébio,,26-08-2024  16:17
46,Casa com 3 quartos em excelente localização em Eusébio - Epic Residence.,casa,349.000,3,3,93,,Eusébio,,26-08-2024  16:17
47,Casa de alto padrão com 5 suítes na Cidade Alpha,casa,1.790.000,5,5,252,,Eusébio,,26-08-2024  16:17
48,Lindas Casas Planas C/ 3 Quartos No Bandeirantes; Proximo Ao Mix Mateus! Cód. 1UT2BGC,casa,210.000,3,2,90,,Maracanaú, Jardim Bandeirantes,26-08-2024  16:16
49,Ampla casa duplex com 4 suítes no Jardins Ibiza - Eusébio,casa,1.900.000,4,5,240,,Eusébio,,26-08-2024  16:16
50,Belíssima casa porteira fechada de alto padrão no Jardins Ibiza.,casa,5.800.000,3,4,400,,Eusébio,,26-08-2024  16:16
51,Imóvel para venda possui 200 metros quadrados com 4 quartos em Cambeba - Fortaleza - CE,casa,640.000,4,4,190,,Fortaleza, Cambeba,26-08-2024  16:14
52,Belíssima casa no Jardins Ibiza com 3 suítes.,casa,2.400.000,3,4,300,,Eusébio,,26-08-2024  16:13
53,Excelente casa em condomínio Jardins do lago com 4 suítes,casa,1.390.000,4,5,248,,Eusébio,,26-08-2024  16:13
54,Excelente casa com ponto comercial na Cidade dos Funcionários!,casa,940.000,4,3,250,,Fortaleza, Cidade dos Funcionários,26-08-2024  16:13
1,Casa Nova à Venda em Quixadá Ce,casa,298.000,3,2,99,,Quixadá, Combate,26-08-2024  10:06
2,Casa - Pq Iracema Maranguape-CE,casa,300.000,3,2,318,,Maranguape, Parque Iracema,26-08-2024  07:42
3,VENDO CASA COM MOVEIS PROJETADO,casa,78.000,3,2,80,,Maracanaú, Pajuçara,26-08-2024  07:03
4,EXCELENTE CASA EM CONDOMÍNIO EM ANTÔNIO BEZERRA PROX AV MISTER HULL,casa,275.000,2,1,50,,Fortaleza, Antônio Bezerra,25-08-2024  21:04
5,Excelente casa plana com 3 suítes em Sapiranga,casa,470.000,3,3,120,,Fortaleza, Sapiranga-Coité,26-08-2024  16:12
6,Ampla casa no Alphaville Terras 1 com 3 suítes!,casa,1.250.000,3,4,169,,Eusébio,,26-08-2024  16:12
7,Belíssima casa de alto padrão com 6 suítes em Eusébio - Azur condomínio,casa,4.500.000,5,5,380,,Eusébio,,26-08-2024  16:11
8,Excelente casa duplex com 3 suítes,casa,690.000,3,4,190,,Fortaleza, São Bento,26-08-2024  16:11
9,OPORTUNIDADE - Ampla casa com 4 quartos no Jardins Ibiza,casa,2.000.000,4,5,317,,Eusébio,,26-08-2024  16:09
10,"Imóvel perfeito com entrada a parti de R$ 22,500",casa,23.500,3,2,260,,Fortaleza, Vicente Pinzon,26-08-2024  16:09
11,Excelente casa com piscina privativa no Porto das Dunas,casa,410.000,2,3,240,,Aquiraz,,26-08-2024  16:09
12,Casa ampla com 4 suítes e vista mar no Porto das Dunas,casa,1.200.000,4,5,350,,Aquiraz,,26-08-2024  16:08
13,Excelente casa duplex com 3 suítes no bairro Sapiranga,casa,750.000,3,4,145,,Fortaleza, Sapiranga-Coité,26-08-2024  16:07
14,LANÇAMENTO - Casa com 4 suítes em Eusébio!,casa,589.000,4,5,140,,Eusébio,,26-08-2024  16:07
15,LANÇAMENTO - Casa duplex em Eusébio com 4 quartos.,casa,629.900,4,4,134,,Eusébio,,26-08-2024  16:07
16,Ampla casa duplex com 3 suítes em Bossa Nova Residence - Eusébio.,casa,613.662,3,3,118,,Eusébio,,26-08-2024  16:06
17,Linda casa com 4 suítes com excelente localização em Eusébio - Creta Residence,casa,651.000,4,4,149,,Eusébio,,26-08-2024  16:05
18,Casa com 3 quartos em excelente localização em Eusébio - Epic Residence.,casa,349.000,3,3,93,,Eusébio,,26-08-2024  16:05
19,Casa de alto padrão com 5 suítes na Cidade Alpha,casa,1.790.000,5,5,252,,Eusébio,,26-08-2024  16:05
20,Belíssima casa no Jardins Ibiza com 3 suítes.,casa,2.400.000,3,4,300,,Eusébio,,26-08-2024  16:04
21,Excelente casa em condomínio Jardins do lago com 4 suítes,casa,1.390.000,4,5,248,,Eusébio,,26-08-2024  16:04
22,Excelente casa com ponto comercial na Cidade dos Funcionários!,casa,940.000,4,3,250,,Fortaleza, Cidade dos Funcionários,26-08-2024  16:04
23,Excelente casa plana com 3 suítes em Sapiranga,casa,470.000,3,3,120,,Fortaleza, Sapiranga-Coité,26-08-2024  16:03
24,Vendo linda casa de praia! Escriturada!,casa,165.000,2,2,88,1,Beberibe,,26-08-2024  16:03
25,Belíssima casa de alto padrão com 6 suítes em Eusébio - Azur condomínio,casa,4.500.000,5,5,380,,Eusébio,,26-08-2024  16:02
26,Excelente casa duplex com 3 suítes,casa,690.000,3,4,190,,Fortaleza, São Bento,26-08-2024  16:02
27,Belíssima casa de alto padrão no Jardins Ibiza com 4 quartos.,casa,2.330.000,4,4,302,,Eusébio,,26-08-2024  16:02
28,OPORTUNIDADE - Ampla casa com 4 quartos no Jardins Ibiza,casa,2.000.000,4,5,317,,Eusébio,,26-08-2024  16:01
29,Excelente casa com piscina privativa no Porto das Dunas,casa,410.000,2,3,240,,Aquiraz,,26-08-2024  16:01
30,Casa ampla com 4 suítes e vista mar no Porto das Dunas,casa,1.200.000,4,5,350,,Aquiraz,,26-08-2024  16:00
31,Excelente casa duplex com 3 suítes no bairro Sapiranga,casa,750.000,3,4,145,,Fortaleza, Sapiranga-Coité,26-08-2024  16:00
32,LANÇAMENTO - Casa com 4 suítes em Eusébio!,casa,589.000,4,5,140,,Eusébio,,26-08-2024  15:58
33,LANÇAMENTO - Casa duplex em Eusébio com 4 quartos.,casa,629.900,4,4,134,,Eusébio,,26-08-2024  15:58
34,"Casa com ""zero"" de entrada",casa,165.000,3,2,,,Fortaleza, Bonsucesso,26-08-2024  15:56
35,DUPLEX EM CONDOMINIO VANCOUVER - 04 SUITES - COITE - EUSEBIO -CE,casa,950.000,4,5,230,,Eusébio,,26-08-2024  15:49
36,Imóvel para venda com 106 metros quadrados com 3 quartos em Pires Façanha - Eusébio - CE,casa,420.000,3,1,106,,Eusébio,,26-08-2024  15:45
37,RQ:Imóvel para venda possui 90 metros quadrados com 3 quartos em Ancuri - Itaitinga - CE,casa,190.000,3,2,90,,Itaitinga,,26-08-2024  15:44
38,casa eusebio luk,casa,15.700,3,3,350,,Eusébio, Coaçu,26-08-2024  15:38
39,RQ:Imóvel para venda com 79 metros quadrados com 2 quartos em Gereraú - Itaitinga - CE,casa,160.000,2,1,79,,Itaitinga,,26-08-2024  15:31
40,casa no aquiraz Luk,casa,23.600,3,3,350,,Eusébio, Coaçu,26-08-2024  15:28
41,RQ:Imóvel para venda tem 90 metros quadrados com 2 quartos em Ancuri - Itaitinga - CE,casa,190.000,2,2,90,,Itaitinga,,26-08-2024  15:27
42,Casa duplex com varanda,casa,450.000,4,5,174,,Fortaleza, Montese,26-08-2024  15:25
43,"Espetacular casa em condomínio, com 245 m2, projetada, 5 suítes, à venda no José de Alenca",casa,1.390.000,5,5,245,,Fortaleza, José de Alencar,26-08-2024  15:22
44,"CD 116, Messejana, Condomínio Magna Villaris, casa duplex com 02 suítes, piscina",casa,229.000,2,3,70,,Fortaleza, Parque Santa Maria,26-08-2024  15:21
45,Venda de terreno,casa,90.000,,,,,Fortaleza, Vila Velha,26-08-2024  15:16
46,"Sua casa, sua família, sua vida",casa,2.300.230,4,5,300,,Eusébio,,26-08-2024  15:12
47,Casa plana na planta no Eusébio com 2 suítes,casa,300.033,2,2,66,,Eusébio,,26-08-2024  15:12
48,Casa plana em rua privativa no Eusébio em localização mais que especial,casa,499.999,3,3,90,,Eusébio,,26-08-2024  15:12
49,Última unidade disponivel dessa linda casa plana que é uma oportunidade no Eusébio,casa,399.000,3,3,107,,Eusébio,,26-08-2024  15:12
50,Vendo casa com piscina próximo à praia de Paracuru,casa,600.000,4,5,,,Paracuru,,26-08-2024  15:12
51,"Vendo imóvel com 1.128m2 de área total, vista pro mar em frente ao hospital de Paracuru.",casa,580.000,2,2,1128,,Paracuru,,26-08-2024  15:11
52,Vendo duplex de luxo com três quartos no Paracuru.,casa,390.000,3,3,110,,Paracuru,,26-08-2024  15:11
53,Casa nova pela Minha Casa minha vida com lote vizinho próximo ao fórum de Paracuru.,casa,160.000,2,2,,,Paracuru,,26-08-2024  15:10
54,Casa de luxo com três suítes no Paracuru Beach,casa,300.000,3,3,90,,Paracuru,,26-08-2024  15:10
1,Casa na vila Pery,casa,500.000,3,2,,,Fortaleza, Parangaba,25-08-2024  20:18
2,Casa Travessa Juarita Mendes Quintino Cunha,casa,28.900,,,,,Fortaleza, Quintino Cunha,25-08-2024  18:18
3,"Duplex em condominio- Encontre, conforto, luxo e exclusividade",casa,1.500.000,5,5,241,,Aquiraz,,25-08-2024  16:05
4,Terras Alphaville Ceará 3,casa,1.790.000,5,5,252,,Eusébio, Coaçu,25-08-2024  15:30
5,Casa pronta murada com piscina e amplo espaço verde. Paracuru,casa,400.000,3,3,150,,Paracuru,,26-08-2024  15:09
6,Linda casa alto padrão no Ocean Garden com lazer completo!,casa,2.290.000,4,4,251,,Aquiraz,,26-08-2024  15:04
7,Linda e ampla casa no Porto das Dunas com 2 suítes,casa,650.000,2,3,119,,Aquiraz,,26-08-2024  15:04
8,Casa mobiliada e nascente no Alphaville Eusébio com 3 suítes,casa,3.300.000,4,4,372,,Eusébio,,26-08-2024  15:04
9,Excelente casa duplex em Eusébio com 3 suítes,casa,450.000,3,3,98,,Eusébio,,26-08-2024  15:04
10,Belíssima casa na Cidade Alpha com 4 suítes,casa,1.800.000,4,4,272,,Eusébio,,26-08-2024  15:03
11,Belíssima casa no Porto das Dunas com piscina privativa,casa,980.000,4,3,280,,Aquiraz,,26-08-2024  15:03
12,Linda casa com 4 suítes e piscina privativa na Cidade Alpha,casa,1.680.000,4,5,253,,Eusébio,,26-08-2024  15:03
13,"Cidade Alpha casa com 05 suítes mais Dce , piscina privativa Eusébio- Ceará",casa,2.790.000,5,2,406,,Eusébio,,26-08-2024  15:03
14,Casa de condomínio para venda com 300 metros quadrados com 4 quartos em Pires Façanha - Eu,casa,2.900.000,4,2,300,,Eusébio, Pires Façanha,26-08-2024  15:02
15,Cidade alpha casa Duplex com 04 suítes mais Dce completa e piscina privativa,casa,1.700.000,5,2,250,,Eusébio,,26-08-2024  15:02
16,Casa de condomínio para venda tem 235 metros quadrados com 4 quartos em Cidade Alpha - Eus,casa,1.500.000,4,2,235,,Eusébio,,26-08-2024  15:02
17,Casa de condomínio para venda tem 245 metros quadrados com 4 quartos em Cidade Alpha - Eus,casa,1.700.000,4,1,245,,Eusébio,,26-08-2024  15:02
18,Casa de condomínio para venda tem 135 metros quadrados com 3 quartos em Autódromo - Eusébi,casa,520.000,3,1,135,,Eusébio,,26-08-2024  15:02
19,Casa de condomínio100% mobiliada paraluguel e venda com 260 m2 4 suítes e piscina privativ,casa,1.590.000,4,2,260,,Eusébio,,26-08-2024  15:02
20,"Soalris Vitta, Eusébio, 191m2, 4 Suítes, Piscina, Hidro e Kit de Energia Solar",casa,999.990,4,4,191,,Eusébio,,26-08-2024  15:01
21,Casa de condomínio para venda possui 290 metros quadrados com 4 quartos,casa,2.200.000,4,2,290,,Eusébio,,26-08-2024  15:01
22,Casa de condomínio para venda tem 270 metros quadrados com 4 quartos,casa,1.390.000,4,2,270,,Fortaleza, José de Alencar,26-08-2024  15:00
23,Casa de condomínio para venda tem 254 metros quadrados com 4 quartos em Centro - Eusébio -,casa,1.390.000,4,2,254,,Eusébio,,26-08-2024  15:00
24,Casa de condomínio para venda com 270 metros quadrados com 4 quartos em Cidade Alpha - Eus,casa,1.350.000,4,2,270,,Eusébio,,26-08-2024  15:00
25,Casa de condomínio para venda possui 367 metros quadrados com 5 quartos,casa,2.750.000,5,1,367,,Eusébio,,26-08-2024  15:00
26,Casa Nova recém construída com 04 suítes e piscina privativa - Cidade Alpha - Eusébio - CE,casa,1.690.000,4,2,252,,Eusébio,,26-08-2024  15:00
27,Casa para venda com 102 metros quadrados com 3 quartos em Coité - Eusébio - CE,casa,450.000,3,1,102,,Eusébio,,26-08-2024  15:00
28,"Casa Poente Cidade Alpha 267 m2 , 4 suítes , projeto iluminotecnico ok",casa,1.690.000,4,2,267,,Eusébio,,26-08-2024  15:00
29,Casa de condomínio para venda possui 165 metros quadrados com 3 quartos,casa,1.300.000,3,1,165,,Eusébio,,26-08-2024  15:00
30,Casa na Cidade Alpha com valor de oportunidade com 04 suítes e piscina privativa,casa,1.500.000,4,1,207,,Eusébio,,26-08-2024  14:59
31,Casa de esquina na Cidade Alpha com 4 suítes e piscina privativa e móveis Fixos - Eusébio,casa,1.650.000,4,1,230,,Eusébio,,26-08-2024  14:59
32,Cidade Alpha Duplex com piscina privativa e 4 suites amplas - Eusébio - CE,casa,1.490.000,4,2,260,,Eusébio,,26-08-2024  14:59
33,Casa Duplex sem vizinho de fundo 258 m2 e 4 suítes e piscina privativa Cidade Alpha - Eusé,casa,1.700.000,4,2,258,,Eusébio,,26-08-2024  14:59
34,Casa de condomínio para venda tem 220 metros quadrados com 4 quartos em Urucunema - Eusébi,casa,1.350.000,4,1,220,,Eusébio,,26-08-2024  14:59
35,Casa de condomínio para venda com 180 metros quadrados com 3 quartos em Urucunema - Eusébi,casa,1.100.000,3,1,180,,Eusébio,,26-08-2024  14:58
36,Casa Duplex Mobiliada em condomínio fechado na Maraponga com 04 suítes,casa,1.749.000,4,1,250,,Fortaleza, Jardim Cearense,26-08-2024  14:58
37,Casa para venda com 120 metros quadrados com 3 quartos no - Eusébio - CE,casa,415.000,3,1,120,,Eusébio,,26-08-2024  14:58
38,Cidade Alpha Residencial Ceará com valor de Oportunidade com 04 suítes e área de Lazer,casa,2.490.000,4,2,296,,Eusébio,,26-08-2024  14:58
39,"Casa Mobiliada Capa de revista com 04 suítes e escritório, piscina privativa lote de 525 m",casa,3.900.000,5,2,390,,Eusébio,,26-08-2024  14:58
40,Casa de condomínio para venda com 262 metros quadrados com 4 quartos em Cidade Alpha - Eus,casa,1.890.000,4,2,262,,Eusébio,,26-08-2024  14:58
41,Casa de condomínio para venda tem 320 metros quadrados com 4 quartos em Cidade Alpha - Eus,casa,2.790.000,4,2,320,,Eusébio,,26-08-2024  14:58
42,Casa de condomínio para venda possui 318 m2 04 suítes com closet e piscina privativa,casa,1.890.000,4,2,318,,Eusébio,,26-08-2024  14:57
43,Casa de luxo com 04 suítes sem vizinho em Cidade Alpha - Eusébio - CE,casa,1.590.000,4,2,272,,Eusébio,,26-08-2024  14:57
44,Imóvel para venda possui 270 metros quadrados com 4 quartos em Coacu - Eusébio - CE,casa,2.100.000,4,1,270,,Eusébio,,26-08-2024  14:57
45,Casa Plana de 03 suítes + escritório com 193 m2 sem vizinho de fundo Cidade Alpha - Eusébi,casa,1.270.000,4,1,193,,Eusébio,,26-08-2024  14:57
46,Imóvel para venda com 274 metros quadrados com 5 quartos em Cidade Alpha - Eusébio - CE,casa,1.650.000,5,2,274,,Eusébio,,26-08-2024  14:57
47,Casa a venda na Serrinha - Fortaleza - CE,casa,420.000,2,1,115,,Fortaleza, Serrinha,26-08-2024  14:57
48,Casa em Rua Privativa com 03 suítes em lote de 180 m2 e 102 m2 construída,casa,509.000,3,1,102,,Eusébio,,26-08-2024  14:56
49,Imóvel para venda com 94 metros quadrados com 3 quartos em Urucunema - Eusébio - CE,casa,420.000,3,1,94,,Eusébio, Urucunema,26-08-2024  14:56
50,Imóvel para venda tem 130 metros quadrados com 3 quartos em José de Alencar - Fortaleza -,casa,650.000,3,1,130,,Fortaleza, José de Alencar,26-08-2024  14:56
51,"Casa Mobiliada com 05 quartos sendo 04 suítes , climatizada e jacuzzi Cidade Alpha - Euséb",casa,1.950.000,5,1,270,,Eusébio,,26-08-2024  14:56
52,Imóvel para venda possui 106 metros quadrados com 3 quartos em Pires Façanha - Eusébio - C,casa,399.000,3,1,106,,Eusébio,,26-08-2024  14:56
53,Imóvel para venda tem 104 metros quadrados com 3 quartos em Pires Façanha - Eusébio - CE,casa,480.000,3,1,104,,Eusébio,,26-08-2024  14:56
54,Imóvel para venda possui 141 metros quadrados com 4 quartos em Coité - Eusébio - CE,casa,649.000,4,1,141,,Eusébio,,26-08-2024  14:56
1,Vende-se casa duplex no bairro Vila Peri,casa,290.000,4,3,160,1,Fortaleza, Vila Peri,25-08-2024  15:03
2,CASA DE ESQUINA NO EUSÉBIO,casa,849.000,3,4,,,Eusébio, Centro,25-08-2024  14:29
3,Casa reformada no bairro José de Alencar à venda,casa,98.000,,,,,Fortaleza, José de Alencar,25-08-2024  14:24
4,Vendo CASA Siqueira - menor preço da região.,casa,95.000,2,1,112,1,Fortaleza, Siqueira,25-08-2024  13:53
5,Casa com ponto comercial,casa,180.000,2,1,10000,,Fortaleza, Pici,26-08-2024  14:55
6,"Casa na Cidade Alpha , 248 m2 com 04 suítes, piscina privativa e Automação - Eusébio - CE",casa,1.590.000,4,2,248,,Eusébio,,26-08-2024  14:45
7,Casa Mobiliada Duplex com 190 m2 com 4 quartos em Cidade Alpha - Eusébio - CE,casa,1.300.000,4,1,190,,Eusébio,,26-08-2024  14:40
8,CASA A VENDA NO EUSÉBIO,casa,,3,2,66,,Fortaleza, Jardim das Oliveiras,26-08-2024  14:39
9,Imóvel para venda tem 260 metros quadrados com 4 quartos em Cidade Alpha - Eusébio - CE,casa,1.590.000,4,1,260,,Eusébio,,26-08-2024  14:38
10,Imóvel para venda com 132 metros quadrados com 3 quartos em Guaribas - Eusébio - CE,casa,810.000,3,1,132,,Eusébio,,26-08-2024  14:38
11,Casa Mobiliada porteira fechada com 04 suítes em Cidade Alpha - Eusébio - CE,casa,1.480.000,4,2,200,,Eusébio,,26-08-2024  14:38
12,Casa Mobiliada com 170 m2 com 4 suítes em Cidade Alpha - Eusébio - CE,casa,1.299.000,4,2,170,,Eusébio,,26-08-2024  14:38
13,Imóvel para venda com 254 metros quadrados com 4 quartos em Cidade Alpha - Eusébio - CE,casa,1.790.000,4,1,254,,Eusébio,,26-08-2024  14:38
14,Imóvel para venda tem 240 metros quadrados com 4 quartos em Cidade Alpha - Eusébio - CE,casa,1.800.000,4,1,240,,Eusébio,,26-08-2024  14:38
15,CASA MOBILIADA,casa,1.000.000,5,5,340,,Fortaleza, Cajazeiras,26-08-2024  14:29
16,Casa no Porto das Dunas,casa,1.000.000,5,5,300,,Aquiraz,,26-08-2024  14:28
17,Casa de esquina com 338m² na Cidade Alpha com piscina,casa,1.899.990,4,5,338,,Eusébio,,26-08-2024  14:26
18,MANSÃO DE LUXO NO JARDINS DA SERRA,casa,1.980.000,3,4,350,,Maracanaú, Pau-Serrado,26-08-2024  14:25
19,Casa Grande no Vicente Pinzon - Preço Negociável,casa,170.000,5,4,,,Fortaleza, Vicente Pinzon,26-08-2024  14:24
20,CASA NOVA EM EUSÉBIO!,casa,26.000,3,3,,,Eusébio, Coaçu,26-08-2024  14:24
21,Vendo belíssimo duplex com piscina e três suítes no Paracuru.,casa,330.000,3,4,,,Paracuru,,26-08-2024  14:11
22,Casa no Antônio Bezerra,casa,260.000,3,2,,,Fortaleza, Antônio Bezerra,26-08-2024  14:05
23,39.MIL PARA VENDE LOGO,casa,39.000,2,1,,,Fortaleza, Mondubim,26-08-2024  14:03
24,Vende-se casa plana alta em Eusébio,casa,380.000,3,2,100,,Eusébio, Guaribas,26-08-2024  13:52
25,Linda casa de Repasse Itaitinga,casa,60.000,3,2,80,1,Itaitinga,,26-08-2024  13:46
26,Oportunidade ! Casas duplex novas prontas para morar! Alto padrão região Maraponga.,casa,389.000,3,4,94,,Fortaleza, Mondubim,26-08-2024  13:32
27,Excelente casa de repasse Ancuri,casa,55.000,2,2,80,1,Itaitinga,,26-08-2024  13:31
28,"EXCELENTE CASA PLANA, NASCENTE, PRÓXIMO A PRAÇA DO SUMARÉ E IGREJA CANAÃ.",casa,390.000,3,2,91,,Fortaleza, Passaré,26-08-2024  13:28
29,Casa duplex no Tapuiu Aquiraz,casa,69.000,2,2,,,Aquiraz,,26-08-2024  13:27
30,Linda casa de repasse Itaitinga,casa,40.000,2,2,80,1,Itaitinga,,26-08-2024  13:27
31,Excelente duplex em condominio no Eusébio em localização privilegiada,casa,550.014,3,3,100,,Eusébio,,26-08-2024  13:26
32,Casa duplex a Venda.,casa,140.000,3,2,103,1,Fortaleza, Bom Jardim,26-08-2024  13:00
33,Venda de casa,casa,100.000,3,3,,,Redenção, Antônio Diogo,26-08-2024  12:57
34,CASA DUPLEX,casa,,3,3,,,Fortaleza, Conjunto Palmeiras,26-08-2024  12:39
35,Lançamento de casas planas com 3 suites no Eusébio prox ao Centro,casa,320.033,3,2,95,,Eusébio,,26-08-2024  12:38
36,Lançamento de casas planas no Eusébio com 3 suites prox ao Centro,casa,320.000,3,2,95,,Eusébio,,26-08-2024  12:36
37,Residência de luxo com 5 suites no Alphaville Ceará,casa,3.290.000,5,5,350,,Eusébio,,26-08-2024  12:23
38,GE-Casa para REPASSE em Pedras na Jorge Figuereido - Fortaleza - CE,casa,85.000,3,2,87,1,Fortaleza, Pedras,26-08-2024  12:20
39,Vendo uma casa boa localização,casa,1,,,,,Fortaleza, Floresta,26-08-2024  12:18
40,CASA NOVA DE 3 PAVIMENTOS,casa,,2,3,48,,Fortaleza, Bela Vista,26-08-2024  12:13
41,Casa da caixa econômica de repasse,casa,50.000,2,2,80,1,Itaitinga, Barrocão,26-08-2024  12:11
42,"Residencia de luxo com 5 suites com paisagismo, poço e luminotecnico na Cidade Alpha",casa,3.290.329,5,5,350,,Eusébio,,26-08-2024  11:57
43,Imóvel para venda com 85 metros quadrados com 3 quartos em Pedras - Itaitinga - CE,casa,210.000,3,2,85,,Itaitinga,,26-08-2024  11:56
44,Imóvel para venda com 400 metros quadrados com 4 quartos em Centro - Eusébio - CE,casa,3.980.000,4,5,400,,Eusébio,,26-08-2024  11:56
45,Cidade Alpha Casa nova para venda com 04 Suites e piscina privativa,casa,1.650.000,4,2,245,,Eusébio,,26-08-2024  11:44
46,"Vendo. Aceito imovel, terreno e veículo na negociação",casa,220.000,2,2,69,,Fortaleza, Pedras,26-08-2024  11:36
47,Casa no parque santo Amaro,casa,,,,,,Fortaleza, Bom Jardim,26-08-2024  11:34
48,Casa,casa,0,3,4,,,Beberibe,,26-08-2024  11:28
49,Vendo casa boa prox ao bairro genibaú e da estação de trem de do São Miguel,casa,75.000,,,,,Caucaia, São Miguel (Jurema),26-08-2024  11:21
50,Vendo Casa no Itarema,casa,200.000,2,2,560,,Itarema,,26-08-2024  11:20
51,Vendo Casa com 3 quartos Sendo 2 Suítes na Av J,casa,310.000,3,3,190,,Fortaleza, Vila Velha,26-08-2024  11:20
52,Excelente casa em Itaitinga,casa,180.000,2,2,80,1,Itaitinga,,26-08-2024  11:13
53,Casa na Barra do Ceara,casa,198.789,3,2,155,,Fortaleza, Barra do Ceará,26-08-2024  11:11
54,Moradas Da Serra; Casas Em Condominio Fechado No Jereissate 3! Cód. 1KAPQIG,casa,195.000,2,1,45,1,Pacatuba, Senador Carlos Jereissati,26-08-2024  11:07
1,Oportunidade! Casa Nova com 3 quartos no bairro Granjeiro com área de 300 m2!,casa,310.000,3,2,300,,Crato, Parque Grangeiro,25-08-2024  13:11
2,VENDO CASA// DUPLEX,casa,115.000,2,2,45,,Fortaleza, Manoel Sátiro,25-08-2024  12:47
3,"Vendo excelente casa de 180m², recém reformada, com 3 quartos e 2 suítes conjugadas",casa,240.000,3,2,180,,Fortaleza, Quintino Cunha,25-08-2024  11:46
4,Vendo Casa Duplex 165m² - 4 Quartos - Parquelândia / Amadeu Furtado,casa,650.000,4,4,165,1,Fortaleza, Amadeu Furtado,25-08-2024  11:39
5,A sua hora chegou: casa moderna ao seu dispor,casa,432.000,3,2,92,,Eusébio,,26-08-2024  11:06
6,Duplex em condominio na Sapiranga com 3 suites e varanda gourmet,casa,490.012,3,3,130,,Eusébio,,26-08-2024  11:06
7,"A Casa dos Seus Sonhos, um verdadeiro luxo na Cidade Alpha",casa,2.100.100,4,4,296,,Eusébio,,26-08-2024  11:06
8,Casa nova com piscina e 4 suítes na Cidade Alpha,casa,1.650.116,4,4,250,,Eusébio,,26-08-2024  11:06
9,Casa na Cidade Alpha com energia solar e poço profundo toda mobiliada,casa,1.590.008,4,4,228,,Eusébio,,26-08-2024  11:06
10,"Excelentes Casas Na Monguba, 02 Quartos, Proximo Da Ce 060; Doc. Gratis! Cód. BFS5DG",casa,195.000,2,2,91,,Pacatuba, Pavuna,26-08-2024  11:05
11,"Casas No Luzardo Viana Em Maracanaú, Arquitetura Moderna, 100% Porcelanato Acabamento Fino",casa,324.900,3,2,89,,Maracanaú, Luzardo Viana,26-08-2024  11:04
12,"Casas C/ 02 Quartos Na Monguba Em Pacatuba, Excelente Acabamento! Cód. 1E31QIG",casa,195.000,2,2,85,,Pacatuba, Pavuna,26-08-2024  11:03
13,"Eusebio, Casas Com 3 Quartos Em Rua Privativa, Acabamento Fino! Cód. L0DQIG",casa,369.000,3,2,93,,Eusébio, Coité,26-08-2024  10:59
14,"Eusebio, Casas Plana C/ 3 Quartos; Acabamento Fino, Excelente Localização! Cód. 1P1O5DG",casa,450.000,3,3,100,,Eusébio, Coité,26-08-2024  10:57
15,Excelente Duplex Em Condominio Fechado Na Monguba! Cód. QTE5DG,casa,175.000,2,2,77,1,Pacatuba, Pavuna,26-08-2024  10:53
16,Casa- Timbó,casa,185.000,4,3,,,Maracanaú,,26-08-2024  10:51
17,Casa a venda,casa,,2,1,108,1,Caucaia, Cabatan,26-08-2024  10:51
18,Casa no Jardim Iracema,casa,270.000,2,1,,,Fortaleza, Barra do Ceará,26-08-2024  10:50
19,"Casas Duplex De Altissimo Padrão No Luzardo Viana, 100% Porcelanato Acabamento Fino! Cód.",casa,459.900,3,3,131,,Maracanaú, Luzardo Viana,26-08-2024  10:48
20,Casa sensacional com projeto exclusivo no Jardins de Murano,casa,1.557.000,4,4,244,,Eusébio,,26-08-2024  10:47
21,"Casa Duplex, 350m² - Dunas, Fortaleza/CE",casa,1.030.000,4,5,350,,Fortaleza, De Lourdes,26-08-2024  10:43
22,"Casa Duplex, 150m² - Sapiranga, Fortaleza/CE",casa,640.000,4,4,150,,Fortaleza, Sapiranga-Coité,26-08-2024  10:43
23,Casa Mansão Dunas - 600m² - De Lourdes - Fortaleza - CE,casa,1.900.000,5,5,600,,Fortaleza, Praia do Futuro I,26-08-2024  10:40
24,"Eusebio, Lindos Duplex Com 3 Quartos Viz. Ao Quintas Do Lago; 100M Da Ce 010! Cód. BNC5DG",casa,530.000,3,3,122,,Eusébio, Coaçu,26-08-2024  10:39
25,"Maraponga, Casas De Alto Padrão; 800M Do Carajas Home Center, Acabamento Fino! Cód. 31U5DG",casa,389.900,3,4,94,,Fortaleza, Mondubim,26-08-2024  10:36
26,Casa Plana De 3 Quartos No Bairro Alvorada Em Pacatuba 300 Metros Da Ce 060! Cód. MA85DG,casa,215.000,3,2,98,,Pacatuba, Pavuna,26-08-2024  10:36
27,CAUCAIA - Casa Padrão - Iparana,casa,440.000,3,1,170,,Caucaia, Iparana,26-08-2024  10:32
28,Vendo Casa Mansão no Beach Park 4 Suítes Piscina Poço Vista Sensacional,casa,799.990,4,5,270,,Aquiraz,,26-08-2024  10:29
29,Casa com 3 suítes em Fortaleza,casa,695.000,3,3,134,,Fortaleza, São Bento,26-08-2024  10:29
30,GE-Casa para venda com 3 quartos em Pedras - Fortaleza - CE,casa,235.000,3,2,90,,Fortaleza, Pedras,26-08-2024  10:28
31,Imóvel para venda tem 68 metros quadrados com 1 quarto em Centro - Fortaleza - CE,casa,210.000,,,,,Fortaleza, Centro,26-08-2024  10:25
32,GE-Casa para venda com 2 quartos em Pedras próximo a Jorge Figuereido - Fortaleza - CE,casa,203.000,2,2,87,1,Fortaleza, Pedras,26-08-2024  10:18
33,Casa Nova à Venda em Quixadá Ce,casa,298.000,3,2,99,,Quixadá, Combate,26-08-2024  10:06
34,Imóvel para venda com 100 metros quadrados com 3 quartos em Jóquei Clube - Fortaleza - CE,casa,150.000,3,1,100,,Fortaleza, Jóquei Clube,26-08-2024  10:00
35,Duplex oportunidade chegou,casa,320.000,4,2,130,1,Fortaleza, Henrique Jorge,26-08-2024  10:00
36,Casa para quem é atraído e quer morar com excelência.,casa,730.000,3,2,220,,Fortaleza, João XXIII,26-08-2024  09:58
37,Vende-se casa,casa,60.000,,,,,Fortaleza, Prefeito José Walter,26-08-2024  09:55
38,Casa plana de alto padrão com 3 suites por trás do shopping Eusébio,casa,590.059,3,3,120,,Eusébio,,26-08-2024  09:39
39,Duplex de esquina alto padrão porteira fechada no Alphaville Ceará,casa,2.499.999,4,4,548,,Eusébio,,26-08-2024  09:39
40,Imóvel para venda possui 92 metros quadrados com 3 quartos em Jardim Guanabara - Fortaleza,casa,160.000,3,1,92,,Fortaleza, Jardim Guanabara,26-08-2024  09:23
41,VERAS VENDE CASA EM CONDOMÍNIO NO LAKE VIEW,casa,960.000,4,5,180,,Fortaleza, Sabiaguaba,26-08-2024  09:21
42,Casa duplex com ponto comercial.,casa,380.000,5,3,181,,Caucaia, Parque Potira (Jurema),26-08-2024  09:15
43,Casa de condomínio para venda tem 400 metros quadrados com 4 quartos em Pires Façanha - Eu,casa,3.300.000,4,5,400,,Eusébio, Pires Façanha,26-08-2024  09:08
44,Casa de condomínio sobrado para venda com 499 metros quadrados com 5 quartos,casa,4.300.000,5,4,499,,Aquiraz,,26-08-2024  09:08
45,Sobrado para venda com 339 metros quadrados com 5 quartos em Pires Façanha - Eusébio - CE,casa,3.400.000,5,5,339,,Eusébio, Pires Façanha,26-08-2024  09:08
46,Casa de condomínio sobrado para venda tem 348 metros quadrados com 4 quartos (AMANDA),casa,1.890.000,4,5,348,,Eusébio, Cidade Alpha,26-08-2024  09:08
47,Charmosa casa plana 100m2 03 quartos 02 banheiros Deck Gourmet integrado a cozinha amplo j,casa,369.000,3,2,100,1,Caucaia, Grilo,26-08-2024  08:59
48,VERAS VENDE Casa 7 quartos na beira da praia de Icapuí- Ceará,casa,550.000,5,5,400,,Icapuí,,26-08-2024  08:48
49,Gol seleção G6 1.0 2014,casa,34.500,,,,,Fortaleza, Álvaro Weyne,26-08-2024  08:48
50,Vendo casa em Aquiraz com energia solar,casa,450.000,3,2,150,,Aquiraz,,26-08-2024  08:46
51,? VERAS VENDE CASA COM TERRENO 1.500M² COM CASA NO PORTO DAS DUNAS - AQUIRAZ-CE,casa,700.000,4,4,467,,Aquiraz,,26-08-2024  08:46
52,VERAS VENDE IGREJA NO CENTRO DE FORTALEZA,casa,300.000,3,3,166,,Fortaleza, Centro,26-08-2024  08:46
53,VERAS VENDE CASA DUPLEX 4 SUÍTES NA SAPIRANGA,casa,680.000,4,5,432,,Fortaleza, Sapiranga-Coité,26-08-2024  08:45
54,PARA INVESTIDORES! VENDO CASA JÁ ALUGADA DE 2 QUARTOS PRÓX A AVENIDA ILUMINADA EM PINDORET,casa,120.000,2,1,65,1,Pindoretama,,26-08-2024  08:45
1,"Casa Plana no Eusébio, próximo ao Centro",casa,185.000,2,2,64,,Eusébio,,25-08-2024  10:50
2,Casa em Cond. Fechado Lagoa Redonda,casa,580.000,4,5,195,,Fortaleza, Lagoa Redonda,25-08-2024  10:40
3,Casa pronta para morar em um dos melhores condomínios do Ceará,casa,5.300.000,5,5,460,,Eusébio, Centro,25-08-2024  09:46
4,Linda Casa na Serra de Guaramiranga 3 quartos à venda,casa,380.000,3,1,570,,Guaramiranga,,25-08-2024  09:32
5,VERAS VENDE Luxuosa Casa Triplex no Luciano Cavalcante,casa,1.490.000,5,5,550,,Fortaleza, Engenheiro Luciano Cavalcante,26-08-2024  08:45
6,VERAS VENDE CASA 428m² NA AV. JOSÉ LEON,casa,2.200.000,4,5,428,,Fortaleza, Parque Manibura,26-08-2024  08:45
7,VERAS VENDE CASA EM CONDOMÍNIO NA LAGOA REDONDA,casa,185.000,2,3,60,,Fortaleza, Lagoa Redonda,26-08-2024  08:45
8,PARA INVESTIDORES - VERAS VENDE CASA PRÓXIMO AO BEACH PARK - AQUIRAZ - CE,casa,1.500.000,5,5,841,,Aquiraz,,26-08-2024  08:44
9,VERÁS VENDE CASA NO PADRE ANDRADE - FORTALEZA,casa,320.000,3,3,100,,Fortaleza, Padre Andrade,26-08-2024  08:44
10,VERAS VENDE Casa aconchegante de 5 suites no Edson Queiroz,casa,890.000,5,5,278,,Fortaleza, Edson Queiroz,26-08-2024  08:43
11,VERAS VENDE CASA MOBILIADA NA BEIRA DA PRAIA DE CAPONGA - CASCAVEL - CE,casa,1.200.000,5,5,450,,Cascavel,,26-08-2024  08:43
12,"Casa à venda, Jardim América, Fortaleza, CE",casa,350.000,5,5,250,,Fortaleza, Jardim América,26-08-2024  08:43
13,VERAS VENDE CASA MISTA (RESIDENCIAL E COMERCIAL) NO CENTRO D,casa,2.200.000,5,5,960,,Fortaleza, Centro,26-08-2024  08:43
14,VERAS VENDE CASA COM 10 SUÍTES NO PORTO DAS DUNAS,casa,750.000,5,5,300,,Aquiraz, Centro,26-08-2024  08:43
15,VERAS VENDE MANSÃO NO PORTO DAS DUNAS - BEACH PARK - AQUIRAZ,casa,2.500.000,5,5,3600,,Aquiraz, Centro,26-08-2024  08:43
16,VERAS VENDE CASA 3 SUÍTES NO LUCIANO CAVALCANTE,casa,420.000,3,4,141,,Fortaleza, Engenheiro Luciano Cavalcante,26-08-2024  08:43
17,VERAS VENDE Dúplex 400m² 7 quartos próximo do Coco Bambu Sul,casa,580.000,5,5,400,,Fortaleza, Parque Manibura,26-08-2024  08:42
18,VERAS VENDE CASA EM CONDOMÍNIO NO EDSON QUEIROZ,casa,525.000,3,4,1254,1,Fortaleza, José de Alencar,26-08-2024  08:42
19,VERAS VENDE POUSADA 10 SUÍTES NO PORTO DAS DUNAS - BEACH PAR,casa,1.999.999,5,5,320,,Aquiraz, Centro,26-08-2024  08:42
20,VERAS VENDE CASA 4 QUARTOS NA AV CENTRAL DO ICARAÍ - CAUCAIA - CE,casa,450.000,4,4,551,,Caucaia, Icaraí,26-08-2024  08:42
21,VERAS VENDE CASA DE PRAIA COM 4 SUÍTES COM PISCINA EM AGUAS BELAS,casa,649.000,4,5,849,,Cascavel,,26-08-2024  08:42
22,VERAS VENDE CASA MIRANTE NA AV PRINCIPAL DO PORRO DAS DUNAS,casa,1.100.000,5,5,300,,Aquiraz, Centro,26-08-2024  08:42
23,VERAS VENDE CASA 11 QUARTOS NO DIONÍSIO TORRES,casa,999.999,5,5,350,,Fortaleza, Joaquim Távora,26-08-2024  08:42
24,VERAS VENDE CASA DUPLEX NA SAPIRANGA - COND VILA AMAZON,casa,500.000,3,3,120,,Fortaleza, Sapiranga-Coité,26-08-2024  08:42
25,VERAS VENDE CASA DUPLEX EM CONDOMÍNIO NO EDSON QUEIROZ,casa,550.000,4,4,125,,Fortaleza, Edson Queiroz,26-08-2024  08:42
26,VERAS VENDE CASA EM ITAPAJÉ NA FRENTE DA REPRESA,casa,250.000,2,2,400,1,Itapajé, Centro,26-08-2024  08:42
27,Casa 100% Financiada pela Caixa - 5 Mim do Centro!,casa,147.000,2,2,85,,Horizonte, Diadema,26-08-2024  08:39
28,Casa com acabamento de primeira na Cidade Alpha,casa,1.650.013,4,4,249,,Eusébio,,26-08-2024  08:31
29,Casa frente área verde na Cidade Alpha Ceará,casa,2.690.000,5,4,324,,Eusébio,,26-08-2024  08:31
30,Vendo casa ou apartamento,casa,180.000,3,3,170,,Camocim,,26-08-2024  08:29
31,Casa na Praia para Venda!,casa,600.000,3,3,480,,Icapuí,,26-08-2024  08:25
32,Casa duplex em condomínio fechado a venda no Jardim Icaraí!,casa,520.000,4,4,140,,Caucaia, Jardim Icaraí,26-08-2024  08:12
33,Bangalô em Guaramiranga,casa,220.000,,,,,Guaramiranga,,26-08-2024  07:52
34,Casa - Pq Iracema Maranguape-CE,casa,300.000,3,2,318,,Maranguape, Parque Iracema,26-08-2024  07:42
35,CASA PERTO DA PRAIA,casa,167.000,4,3,32,1,São Gonçalo do Amarante, Pecém,26-08-2024  07:37
36,Casa,casa,32.000,2,2,,,Fortaleza, Passaré,26-08-2024  07:21
37,Casa a venda no Curio,casa,380.000,2,2,,,Fortaleza, Curió,26-08-2024  07:19
38,"Casa à venda no bairro Tiradentes, 9x30",casa,150.000,3,2,,,Juazeiro do Norte, Tiradentes,26-08-2024  07:13
39,VENDO CASA COM MOVEIS PROJETADO,casa,78.000,3,2,80,,Maracanaú, Pajuçara,26-08-2024  07:03
40,Imóvel para venda possui 88 metros quadrados com 2 quartos em Pavuna - Pacatuba - CE,casa,165.000,2,2,88,,Pacatuba, Pavuna,26-08-2024  02:32
41,Imóvel para venda tem 100 metros quadrados com 3 quartos em Jardim Bandeirantes - Maracana,casa,225.000,3,2,100,,Maracanaú, Jardim Bandeirantes,26-08-2024  02:32
42,Imóvel para venda tem 88 metros quadrados com 2 quartos em Icaraí - Caucaia - CE,casa,180.000,2,2,88,,Caucaia, Icaraí,26-08-2024  02:32
43,Imóvel para venda tem 88 metros quadrados com 2 quartos em Jardim Bandeirantes - Maracanaú,casa,180.000,2,2,88,,Maracanaú, Jardim Bandeirantes,26-08-2024  02:32
44,Imóvel para venda possui 88 metros quadrados com 3 quartos em Luzardo Viana - Maracanaú -,casa,195.000,3,2,88,,Maracanaú, Luzardo Viana,26-08-2024  02:32
45,Imóvel para venda tem 100 metros quadrados com 3 quartos em Jardim Bandeirantes - Maracana,casa,195.000,3,2,100,,Maracanaú, Jardim Bandeirantes,26-08-2024  02:32
46,Imóvel para venda com 88 metros quadrados com 2 quartos em Jardim Bandeirantes - Maracanaú,casa,195.000,2,2,88,,Maracanaú, Jardim Bandeirantes,26-08-2024  02:32
47,Imóvel para venda possui 100 metros quadrados com 3 quartos em Luzardo Viana - Maracanaú -,casa,225.000,3,2,100,,Maracanaú, Luzardo Viana,26-08-2024  02:32
48,Imóvel para venda tem 100 metros quadrados com 2 quartos em Horto - Maracanaú - CE,casa,215.000,2,2,100,,Maracanaú, Horto,26-08-2024  02:32
49,Imóvel para venda tem 88 metros quadrados com 2 quartos em Pajuçara - Maracanaú - CE,casa,235.000,2,2,88,,Maracanaú, Pajuçara,26-08-2024  02:32
50,Imóvel para venda tem 88 metros quadrados com 2 quartos em Jardim Bandeirantes - Maracanaú,casa,170.000,2,2,88,1,Maracanaú, Jardim Bandeirantes,26-08-2024  02:32
51,Imóvel para venda tem 88 metros quadrados com 2 quartos em Jardim Bandeirantes - Maracanaú,casa,190.000,2,2,88,,Maracanaú, Jardim Bandeirantes,26-08-2024  02:32
52,Imóvel para venda tem 88 metros quadrados com 2 quartos em Mestre Antônio - Caucaia - CE,casa,200.000,2,2,88,,Caucaia, Mestre Antônio,26-08-2024  02:32
53,Casa de condomínio para venda com 268 metros quadrados com 4 quartos em Cidade Alpha - Eus,casa,1.700.000,4,4,268,,Eusébio,,26-08-2024  01:54
54,"Casa com 3 dormitórios, 150 m² - venda por R$ 800.000,00 ou aluguel por R$ 5.150,00/mês -",casa,800.000,3,3,150,,Caucaia, Cumbuco,26-08-2024  01:46
1,Casa Duplex + 2 Kitinetes duplex(3 imoveis Independentes),casa,260.000,5,5,178,1,Fortaleza, Cajazeiras,25-08-2024  08:59
2,Casa Recém Construída no Condomínio Jardins Terra Brasilis.,casa,798.000,3,3,165,,Eusébio, Lagoinha,25-08-2024  08:17
3,Mansão no Alphaville Eusébio em terreno de esquina próximo à portaria e lago.,casa,2.200.000,5,5,483,,Eusébio, Pires Façanha,25-08-2024  07:45
4,"Vendo CASA com Ponto Comercial! R$ 320.000,00",casa,320.000,3,4,144,,Fortaleza, Carlito Pamplona,25-08-2024  07:35
5,"Casa Plana Pé na Areia, 1600m², R$ 6.000.000,00",casa,6.000.000,4,5,600,,Caucaia, Cumbuco,26-08-2024  01:46
6,Casa duplex à venda com 4 dormitórios no Cumbuco,casa,1.800.000,4,5,368,,Caucaia, Cumbuco,26-08-2024  01:46
7,"Belíssima casa no Eusébio com 3 suítes, piscina privativa.",casa,890.000,3,4,207,,Eusébio,,26-08-2024  01:43
8,Linda casa duplex em condomínio com 3 suítes,casa,750.000,3,4,135,,Fortaleza, José de Alencar,26-08-2024  01:43
9,Belíssima casa no Jardins Ibiza com 4 suítes,casa,2.090.000,4,4,257,,Eusébio,,26-08-2024  01:43
10,Casa Padrão para Venda em Tabuba Caucaia-CE,casa,200.000,,,,,Caucaia, Tabuba,26-08-2024  01:09
11,"Casa de Praia, 990,00m², 4 quartos, Porto das Dunas, Aquiraz/CE",casa,750.000,4,1,990,,Aquiraz,,26-08-2024  00:25
12,"Casa Duplex - 274,45m² - lote 10x30 (300,00m²) - 4 dormitórios (3 suítes) - Fortaleza/CE",casa,680.000,4,4,274,,Fortaleza, Sapiranga-Coité,26-08-2024  00:25
13,The House Vizcay - Casa - 126m³ - Flecheiras - Trairi/CE,casa,1.177.982,3,3,126,,Trairi,,26-08-2024  00:25
14,CASA A VENDA NA MARAPONGA EM RUA PRIVATIVA,casa,550.000,4,3,180,,Fortaleza, Maraponga,26-08-2024  00:16
15,Apartamento na lagoa redonda,casa,55.000,2,2,,,Fortaleza, Lagoa Redonda,25-08-2024  23:55
16,Casa no Eusébio com amplo espaço para lazer,casa,299.099,2,2,71,,Eusébio,,25-08-2024  23:19
17,Duplex com 4 suites em rua sem saída bem localizado no Eusebio,casa,650.023,4,4,141,,Eusébio,,25-08-2024  23:19
18,Casa bonita para sua família ser feliz,casa,400.400,3,2,100,,Eusébio,,25-08-2024  23:00
19,Vende-se e troca,casa,1,,,,,Maranguape, Novo Parque Iracema,25-08-2024  22:38
20,Galpao com casa paupina,casa,85.000,2,1,126,,Fortaleza, Paupina,25-08-2024  22:35
21,"Casa com 4 dormitórios à venda, 375 m² por R$ 2.280.000,00 - Eusébio - Eusébio/CE",casa,2.280.000,4,4,376,,Eusébio,,25-08-2024  22:29
22,Alphaville Fortaleza | Porto das Dunas,casa,6.500.000,4,4,610,,Eusébio,,25-08-2024  22:29
23,"Casa com 6 dormitórios à venda, 510 m² por R$ 5.490.000,00 - Porto das Dunas - Eusébio/CE",casa,5.490.000,5,4,510,,Eusébio,,25-08-2024  22:29
24,Alphaville Fortaleza com 420 m² - Porto das Dunas,casa,4.300.000,3,4,420,,Eusébio,,25-08-2024  22:29
25,"Casa com 4 dormitórios à venda, 500 m² por R$ 3.850.000,00 - Porto das Dunas - Eusébio/CE",casa,3.850.000,4,4,500,,Eusébio,,25-08-2024  22:29
26,"Duplex Alto Padrão 430,27m² Alphaville Fortaleza",casa,5.500.000,4,5,430,,Eusébio,,25-08-2024  22:29
27,"Casa com 4 dormitórios à venda, 870 m² por R$ 9.200.000,00 - Porto das Dunas - Eusébio/CE",casa,9.200.000,4,4,870,,Eusébio,,25-08-2024  22:28
28,"Casa com 4 dormitórios à venda, 240 m² por R$ 1.890.000,00 - Cidade Alpha - Eusébio/CE",casa,1.890.000,4,5,240,,Eusébio, Cidade Alpha,25-08-2024  22:28
29,"Casa com 4 dormitórios à venda por R$ 350.000,00 - Cidade dos Funcionários - Fortaleza/CE",casa,350.000,4,3,106,,Fortaleza, Cidade dos Funcionários,25-08-2024  22:17
30,"Casa com 3 dormitórios à venda, 106 m² por R$ 400.000,00 - Mangabeira - Eusébio/CE",casa,400.000,3,2,106,,Eusébio,,25-08-2024  22:17
31,Casa duplex a finalizar,casa,120.000,,,,,Fortaleza, Aracapé,25-08-2024  22:03
32,Vendo casa boa próx ao bairro genibaú e da estação de trem do São Miguel,casa,75.000,,,,,Caucaia, São Miguel (Jurema),25-08-2024  21:56
33,Terreno com 2 Casas à Venda em Planalto Ayrton Senna - Oportunidade!,casa,350.000,3,2,150,,Fortaleza, Planalto Ayrton Senna,25-08-2024  21:52
34,Casa Duplex a venda - Ótima vizinhança,casa,110.000,2,2,135,,Fortaleza, Mondubim,25-08-2024  21:49
35,"Casa muito boa a venda com laje, ótimo pra construír em cima",casa,45.000,,,,,Caucaia, Planalto Caucaia,25-08-2024  21:27
36,Mansão de esquina com mais 200m² de área verde no Alphaville Fortaleza,casa,5.300.053,5,5,470,,Eusébio,,25-08-2024  21:14
37,Duplex super imponente frente praça na Cidade Alpha,casa,1.850.185,4,4,309,,Eusébio,,25-08-2024  21:14
38,EXCELENTE CASA EM CONDOMÍNIO EM ANTÔNIO BEZERRA PROX AV MISTER HULL,casa,275.000,2,1,50,,Fortaleza, Antônio Bezerra,25-08-2024  21:04
39,Casa plana pra locação na Cidade Alpha Ceará,casa,12.021,4,4,221,,Eusébio,,25-08-2024  20:53
40,Casa plana nascente com 3 suites no Jardins do Lago,casa,1.100.015,3,3,180,,Eusébio,,25-08-2024  20:53
41,"Casa com piscina, 4 suítes + dependência com amplo terreno",casa,990.099,4,5,262,,Eusébio,,25-08-2024  20:53
42,"Casa nova no Alphaville Fortaleza com piscina, 5 suites, gabinete e dependência",casa,3.950.395,5,5,425,,Eusébio,,25-08-2024  20:53
43,Casa a venda em Prefeito José Walter (Preço negociável),casa,300.000,4,3,,,Fortaleza, Prefeito José Walter,25-08-2024  20:44
44,VENDO CASA NA AVENIDA,casa,300.000,3,2,,,Fortaleza, Carlito Pamplona,25-08-2024  20:35
45,"Excelente Casa Plana | Poente | 169 m2 | R$ 1.250.000,00",casa,1.250.000,3,4,169,,Eusébio,,25-08-2024  20:33
46,"Casa, Cidade Alphaville Terras, 04 quartos",casa,1.850.000,4,4,299,,Eusébio, Cidade Alpha,25-08-2024  20:30
47,Casa na vila Pery,casa,500.000,3,2,,,Fortaleza, Parangaba,25-08-2024  20:18
48,"Casa, Cidade Alphaville Terras, 04 quartos",casa,1.720.000,4,4,240,,Eusébio, Cidade Alpha,25-08-2024  20:15
49,Vendo casa com ponto comercial,casa,240.000,2,1,86,1,Fortaleza, Parque Dois Irmãos,25-08-2024  20:13
50,Duplex a venda na Pajuccara/ Maracanaú /CE,casa,580.000,5,3,480,,Maracanaú, Pajuçara,25-08-2024  20:00
51,Casa com Terreno 1084 m2,casa,500.000,2,1,1084,,Fortaleza, Conjunto Palmeiras,25-08-2024  19:54
52,"Casa, Alphaville Fortaleza, 05 quartos",casa,8.500.000,5,5,560,,Fortaleza, Lagoa Redonda,25-08-2024  19:40
53,Casa a venda,casa,40.000,2,1,,,Caucaia, Centro,25-08-2024  19:29
54,Casa duplex com 3 suites em condominio super completo em Fortaleza,casa,929.963,3,3,186,,Eusébio,,25-08-2024  19:10
1,Morada Paraíso em Canoa Quebrada a 90 metros do centro da Broadway,casa,780.000,3,4,707,1,Aracati,,25-08-2024  05:29
2,Duplex no Eusébio de 116m2 por R$ 499 mil,casa,499.000,4,4,116,,Eusébio, Tamatanduba,25-08-2024  00:24
3,Casa duplex Siqueira Aceito terreno na região do Eusébio e veiculos,casa,209.999,3,3,,,Fortaleza, Siqueira,24 de ago 22:58
4,"8 quartos, 4 suítes, 10 vagas, no melhor da Lagoa Redonda!",casa,699.000,5,5,1100,,Fortaleza, Lagoa Redonda,24 de ago 20:24
5,Casa para venda ou locação porteira fechada na Cidade Alpha,casa,1.590.000,4,5,238,,Eusébio,,25-08-2024  19:10
6,Duplex novo com 4 suites e varanda gourmet na Cidade Alpha,casa,1.650.165,4,4,270,,Eusébio,,25-08-2024  19:10
7,Casa duplex com 370m² poço e energia solar no condominio Villas Jardim,casa,1.700.085,4,4,370,,Eusébio,,25-08-2024  19:10
8,Casa nova e moderna no melhor do Eusébio<br>,casa,400.009,3,3,103,,Eusébio,,25-08-2024  19:10
9,Casa duplex à venda | Condomínio Village Porto Bello | Bairro Vila União | Fortaleza (CE),casa,560.000,4,3,106,,Fortaleza, Vila União,25-08-2024  18:28
10,Casa Travessa Juarita Mendes Quintino Cunha,casa,28.900,,,,,Fortaleza, Quintino Cunha,25-08-2024  18:18
11,Casa magnifica com piscina e energia solar na Cidade Alpha,casa,1.800.179,4,4,247,,Eusébio,,25-08-2024  18:15
12,Casa plana com 3 suites + escritório super moderna na Cidade Alpha,casa,1.150.015,4,4,178,,Eusébio,,25-08-2024  18:15
13,Casa Plana Moderna com 3 Quartos e Pé Direito Duplo - Próxima ao CEASA e CT Fortaleza!,casa,239.000,3,2,96,,Maracanaú, Novo Oriente,25-08-2024  18:03
14,Terreno a 100 metros do Shopping Maracanaú,casa,52.000,,,,,Maracanaú, Jereissati I,25-08-2024  17:32
15,Lindo duplex em excelente localização no Centro do Eusébio,casa,600.066,3,3,170,,Eusébio,,25-08-2024  17:32
16,Casa com fachada super moderna com 4 suites em Cidade Alpha,casa,1.690.001,4,4,260,,Eusébio,,25-08-2024  17:32
17,Casa em Condomínio,casa,190.000,2,1,78,1,Fortaleza, Passaré,25-08-2024  17:10
18,Casa,casa,80.000,2,1,6,,Juazeiro do Norte, Salesianos,25-08-2024  17:08
19,Duas casas vendo ou troco,casa,65.000,4,2,,,Fortaleza, Jacarecanga,25-08-2024  16:39
20,Excelente casa dúplex a venda SAPIRANGA.,casa,150.000,3,3,,,Fortaleza, Sapiranga,25-08-2024  16:30
21,Casa duplex em Aquiraz a 7 min do Beach Park,casa,485.000,3,3,110,,Aquiraz,,25-08-2024  16:24
22,Casa duplex em condominio no Eusebio com 3 suites na Santa Cecilia,casa,536.000,3,3,103,,Eusébio,,25-08-2024  16:24
23,"Casa com 4 dormitórios à venda, 240 m² por R$ 1.720.000,00 - Cidade Alpha - Eusébio/CE",casa,1.720.000,4,5,240,,Eusébio, Cidade Alpha,25-08-2024  16:22
24,Casa Porteira Fechada no Alphaville Fortaleza,casa,8.500.000,5,5,560,,Fortaleza, Lagoa Redonda,25-08-2024  16:22
25,"Casa com 4 dormitórios à venda, 245 m² por R$ 1.500.000 - Cidade Alpha - Eusébio/CE",casa,1.500.000,4,5,245,,Eusébio,,25-08-2024  16:21
26,Vende-se Casa com Terreno em Horizonte R$ 53 mil,casa,,2,2,,,Horizonte, Cajueiro da Malhada,25-08-2024  16:21
27,"Casa com 3 dormitórios à venda, 134 m² por R$ 695.000 - São Bento - Fortaleza/CE",casa,695.000,3,4,134,,Fortaleza, Messejana,25-08-2024  16:19
28,"Casa na Avenida Maestro Lisboa, com 4 dormitórios à venda por R$ 780.000 - Lagoa Redonda -",casa,780.000,4,4,165,,Fortaleza, Lagoa Redonda,25-08-2024  16:17
29,"Casa com 4 dormitórios, 410 m² - venda por R$ 4.600.000 ou aluguel por R$ 20.000/mês - Cid",casa,4.600.000,4,5,410,,Eusébio,,25-08-2024  16:16
30,"Lindíssima Casa Duplex na Maraponga, 6 suítes, 6 vagas, Nascente, com Lazer. Por 2.900.000",casa,2.900.000,5,5,646,,Fortaleza, Maraponga,25-08-2024  16:15
31,"Casa com 3 dormitórios à venda, 115 m² por R$ 490.000,00 - Maraponga - Fortaleza/CE",casa,490.000,3,2,115,,Fortaleza, Maraponga,25-08-2024  16:14
32,Maraponga | Residencial Ouro Verde,casa,849.900,4,5,173,,Fortaleza, Maraponga,25-08-2024  16:11
33,"Casa no Porta das Dunas, Porteira fechada com 4 dormitórios à venda, 236 m² por R$ 1.199.0",casa,1.199.000,4,5,236,,Aquiraz,,25-08-2024  16:10
34,"Casa à venda, 120 m² por R$ 1.250.000,00 - Flecheiras - Trairi/CE",casa,1.250.000,4,4,121,,Trairi,,25-08-2024  16:09
35,Casa com 4 quartos na Parangaba.,casa,750.000,4,3,390,,Fortaleza, Parangaba,25-08-2024  16:09
36,"Casa Plana na Cidade Alpha, com 3 dormitórios à venda, 170 m² por R$ 1.290.000 - Bairro Ci",casa,1.290.000,3,4,170,,Eusébio,,25-08-2024  16:08
37,"Casa Plana na Cidade Alpha, com 3 dormitórios à venda, 170 m² por R$ 1.290.000",casa,1.290.000,3,4,170,,Eusébio,,25-08-2024  16:08
38,"Casa beira da praia, com 7 dormitórios à venda, 533 m² por R$ 1.300.000 - Caponga - Cascav",casa,1.300.000,5,5,533,,Cascavel, Caponga,25-08-2024  16:08
39,"Casa com 3 dormitórios à venda, 200 m² por R$ 1.300.000,00 - Cidade Alpha - Eusébio/CE",casa,1.300.000,3,4,200,,Eusébio, Cidade Alpha,25-08-2024  16:07
40,"Casa à venda, 223 m² por R$ 1.330.000,00 - Luzardo Viana - Maracanaú/CE",casa,1.330.000,3,4,223,,Maracanaú, Luzardo Viana,25-08-2024  16:06
41,"Casa Carmel Bosque Duo, com 3 dormitórios à venda, 229 m² por R$ 1.349.000 - Sabiaguaba -",casa,1.380.000,3,4,229,,Fortaleza, Sabiaguaba,25-08-2024  16:06
42,"Duplex em condominio- Encontre, conforto, luxo e exclusividade",casa,1.500.000,5,5,241,,Aquiraz,,25-08-2024  16:05
43,"Casa à venda, 425 m² por R$ 1.350.000,00 - Porto das Dunas - Aquiraz/CE",casa,1.350.000,5,5,425,,Aquiraz,,25-08-2024  16:05
44,"Casa com 4 dormitórios à venda, 246 m² por R$ 1.350.000,00 - Cidade Alpha - Eusébio/CE",casa,1.350.000,4,5,246,,Eusébio,,25-08-2024  16:04
45,"Já imaginou, uma residência plana/Térrea e em condomínio de luxo. São 04 suítes + escritór",casa,1.490.000,4,5,265,,Eusébio,,25-08-2024  16:02
46,"Casa à venda, 239 m² por R$ 1.500.000,00 - Alto Do Garrote - Caucaia/CE",casa,1.500.000,3,3,239,,Caucaia, Garrote,25-08-2024  16:01
47,"Casa à venda, 133 m² por R$ 1.550.000,00 - Flecheiras - Trairi/CE",casa,1.550.000,4,4,133,,Trairi,,25-08-2024  16:00
48,Linda Casa Nova | Alphaville Terras 03,casa,1.550.000,4,5,251,,Eusébio,,25-08-2024  16:00
49,OTIMA CASA PRESIDENTE KENNEDY - 144 m²,casa,350.000,2,1,171,,Fortaleza, Presidente Kennedy,25-08-2024  15:59
50,"Casa à venda, 255 m² por R$ 1.550.000,00 - Cidade Alpha - Eusébio/CE",casa,1.550.000,4,5,255,,Eusébio,,25-08-2024  15:59
51,"Lindíssima casa no condomínio Osvaldo Studart toda projetada com vista para área verde, Ap",casa,1.550.000,4,5,280,,Fortaleza, Maraponga,25-08-2024  15:58
52,"Casa com 5 dormitórios à venda, 300 m² por R$ 1.750.000,00 - Tamatanduba - Eusébio/CE",casa,1.750.000,5,5,300,,Eusébio,,25-08-2024  15:57
53,"Casa à venda, 190 m² por R$ 1.600.000,00 - Flecheiras - Trairi/CE",casa,1.600.000,5,5,190,,Trairi,,25-08-2024  15:56
54,"Casa com 4 dormitórios à venda, 247 m² por R$ 1.650.000,00 - Cidade Alpha - Eusébio/CE",casa,1.650.000,4,5,248,,Eusébio, Cidade Alpha,25-08-2024  15:55
1,Casa plana em local privilegiado Parquelandia,casa,240.000,2,2,,,Fortaleza, Monte Castelo,24 de ago 19:14
2,casa grande,casa,185.000,3,2,,,Fortaleza, Barra do Ceará,24 de ago 17:29
3,2 casas,casa,120.000,2,1,,,Pacatuba, Senador Carlos Jereissati,24 de ago 17:10
4,Casa Duplex no Porto das dunas !!,casa,1.200.000,4,5,320,,Aquiraz,,24 de ago 17:02
5,"Casa com 4 dormitórios à venda, 243 m² por R$ 1.600.000,00 - Cidade Alpha - Eusébio/CE",casa,1.600.000,4,5,243,,Eusébio, Cidade Alpha,25-08-2024  15:55
6,Belíssima Residencia disponível para você! Acabamento Premium.,casa,1.650.000,4,5,253,,Eusébio, Cidade Alpha,25-08-2024  15:54
7,"Casa com 6 dormitórios à venda, 240 m² por R$ 1.650.000 - Cumbuco - Caucaia/CE",casa,1.650.000,5,5,240,,Caucaia, Cumbuco,25-08-2024  15:54
8,"Casa com 4 dormitórios à venda, 277 m² por R$ 1.700.000,00 - Alto Do Garrote - Caucaia/CE",casa,1.700.000,4,4,277,,Caucaia, Alto do Garrote,25-08-2024  15:53
9,Linda Casa no Condomínio Osvaldo Student,casa,1.700.000,4,4,260,,Fortaleza, Jardim Cearense,25-08-2024  15:53
10,"Casa com 3 dormitórios à venda, 250 m² por R$ 1.700.000,00 - Cidade Alpha - Eusébio/CE",casa,1.700.000,3,4,250,,Eusébio, Cidade Alpha,25-08-2024  15:53
11,"Casa à venda, 276 m² por R$ 1.750.000,00 - Jardins do Lago - Eusébio/CE",casa,1.750.000,5,5,276,,Eusébio,,25-08-2024  15:53
12,"Casa plana, Loteamento Parque Montenegro 2, próximo CUCA do José Walter",casa,200.000,2,2,100,1,Fortaleza, Prefeito José Walter,25-08-2024  15:53
13,"Casa com 4 dormitórios à venda, 252 m² por R$ 1.750.000,00 - Cidade Alpha - Eusébio/CE",casa,1.750.000,4,5,252,,Eusébio, Cidade Alpha,25-08-2024  15:53
14,"Casa com 4 dormitórios à venda, 400 m² por R$ 235.000,00 - Henrique Jorge - Fortaleza/CE",casa,240.000,4,4,400,,Fortaleza, Dom Lustosa,25-08-2024  15:53
15,"Casa com 3 dormitórios à venda, 243 m² por R$ 1.750.000,00 - Cidade Alpha - Eusébio/CE",casa,1.750.000,3,4,243,,Eusébio, Cidade Alpha,25-08-2024  15:52
16,"Casa à venda, 171 m² por R$ 600.000,00 - Papicu - Fortaleza/CE",casa,600.000,5,5,172,,Fortaleza, Papicu,25-08-2024  15:52
17,"Design arrojado, elegante e com uma área de lazer impressionante.",casa,1.780.000,4,5,253,,Eusébio, Cidade Alpha,25-08-2024  15:52
18,"Casa à venda por R$ 250.000,00 - Novo Mondubim - Fortaleza/CE",casa,250.000,5,2,160,,Fortaleza, Novo Mondubim,25-08-2024  15:51
19,"Casa à venda, 170 m² por R$ 590.000,00 - Cidade dos Funcionários - Fortaleza/CE",casa,590.000,3,3,170,,Fortaleza, Cidade dos Funcionários,25-08-2024  15:51
20,"Casa à venda por R$ 450.000,00 - Vila União - Fortaleza/CE",casa,450.000,3,1,396,,Fortaleza, Vila União,25-08-2024  15:51
21,"Casa com 4 dormitórios à venda, 275 m² por R$ 1.790.000,00 - Cidade Alpha - Eusébio/CE",casa,1.790.000,4,5,275,,Eusébio, Cidade Alpha,25-08-2024  15:51
22,"Casa comercial e residencial com 5 dormitórios, 470 m² - venda por R$ 1.200.000 ou aluguel",casa,1.000.000,5,5,471,,Fortaleza, Cocó,25-08-2024  15:50
23,"Porto das Dunas, Casa com 4 dormitórios à venda, 159 m² por R$ 980.000 - Porto das Dunas -",casa,980.000,4,3,159,,Aquiraz,,25-08-2024  15:49
24,"Lindíssima Casa Condomínio Jardins da Serra 300m², 4 Suítes com Closet, 4 Vagas Garagem, P",casa,1.800.000,4,5,300,,Maracanaú, Luzardo Viana,25-08-2024  15:49
25,Casa Plana à venda no Bairro Guaribas em Eus[ebio-Ce,casa,420.000,3,2,106,,Eusébio,,25-08-2024  15:44
26,Casas Duplex numa Excelente Localização no Eusébio.,casa,489.000,3,3,123,,Eusébio,,25-08-2024  15:44
27,Casa em condomínio na Lagoinha no Eusébio.,casa,460.000,3,2,126,,Eusébio,,25-08-2024  15:44
28,Casa no Condomínio Jardins Terra Brasilis.,casa,839.000,3,3,165,1,Aquiraz,,25-08-2024  15:43
29,CASA À VENDA EM CONDOMÍNIO NA ESTRADA DO FIO- EUSÉBIO.,casa,545.000,3,3,101,,Eusébio,,25-08-2024  15:43
30,"Casa com 4 dormitórios à venda, 256 m² por R$ 1.850.000,00 - Cidade Alpha - Eusébio/CE",casa,1.850.000,4,5,256,,Eusébio, Cidade Alpha,25-08-2024  15:43
31,"Casa com 4 dormitórios, 270 m² - venda por R$ 1.900.000,00 ou aluguel por R$ 14.620,00/mês",casa,1.900.000,4,5,270,,Eusébio, Cidade Alpha,25-08-2024  15:42
32,"Casa em Guaramiranga com 5 dormitórios à venda, 240 m² por R$ 1.900.000 - Centro - Guarami",casa,1.900.000,5,5,240,,Guaramiranga,,25-08-2024  15:42
33,"Casa com 4 dormitórios à venda, 287 m² por R$ 1.900.000,00 - Cidade Alpha - Eusébio/CE",casa,1.900.000,4,5,287,,Eusébio,,25-08-2024  15:42
34,"Casa com 4 dormitórios à venda, 265 m² por R$ 1.900.000,00 - Alto Do Garrote - Caucaia/CE",casa,1.900.000,4,4,265,,Caucaia, Alto do Garrote,25-08-2024  15:42
35,"Casa com 4 dormitórios à venda, 300 m² por R$ 1.920.000,00 - Cidade Alpha - Eusébio/CE",casa,1.920.000,4,5,300,,Eusébio, Cidade Alpha,25-08-2024  15:41
36,"Casa com 4 dormitórios à venda, 338 m² por R$ 1.990.000,00 - Cidade Alpha - Eusébio/CE",casa,1.990.000,4,5,339,,Eusébio,,25-08-2024  15:40
37,"Casa com 4 dormitórios à venda, 400 m² Lago Jacarey - Fortaleza/CE",casa,1.999.000,4,5,400,,Fortaleza, Cambeba,25-08-2024  15:39
38,"PROJETO TRADICIONAL, feito para você! Também amaram esse projeto?",casa,2.000.000,4,5,249,,Eusébio, Coaçu,25-08-2024  15:39
39,"Casa à venda, 290 m² por R$ 2.175.000,00 - Jardins Ibiza - Eusébio/CE",casa,2.175.000,4,5,290,,Eusébio, Coaçu,25-08-2024  15:38
40,"Casa com 4 dormitórios à venda, 307 m² por R$ 2.200.000,00 - Cidade Alpha - Eusébio/CE",casa,2.200.000,4,5,308,,Eusébio, Cidade Alpha,25-08-2024  15:37
41,"Casa com 4 dormitórios, 260 m² - venda por R$ 2.200.000,00 ou aluguel por R$ 15.620,00/mês",casa,2.200.000,4,5,260,,Eusébio, Cidade Alpha,25-08-2024  15:36
42,Casa pronta para morar!,casa,2.200.000,4,5,330,,Eusébio,,25-08-2024  15:36
43,"Casa com 5 dormitórios, 297 m² - venda por R$ 2.250.000 ou aluguel por R$ 15.000,00/mês -",casa,2.250.000,5,5,297,,Eusébio, Coaçu,25-08-2024  15:36
44,"Casa à venda, 550 m² por R$ 2.300.000,00 - Parquelândia - Fortaleza/CE",casa,2.300.000,4,5,550,,Fortaleza, Parquelândia,25-08-2024  15:34
45,"Casa nova com 04 Suítes, piscina privativa e planta baixa inteligente.",casa,2.300.000,4,5,345,,Eusébio, Cidade Alpha,25-08-2024  15:34
46,"Casa Alphaville Ceará, com 4 dormitórios à venda, 290 m² por R$ 2.500.000",casa,2.350.000,4,5,290,,Eusébio,,25-08-2024  15:34
47,"Casa com 4 dormitórios à venda, 331 m² Cidade Alpha - Eusébio/CE",casa,2.250.000,4,5,331,,Eusébio, Cidade Alpha,25-08-2024  15:33
48,"Casa à venda, 491 m² por R$ 2.380.000,00 - Porto das Dunas - Aquiraz/CE",casa,2.380.000,5,5,491,,Aquiraz,,25-08-2024  15:33
49,"Casa com 4 dormitórios à venda, 350 m² por R$ 2.600.000,00 - Alphaville Eusébio - Eusébio/",casa,2.600.000,4,5,350,,Eusébio,,25-08-2024  15:32
50,Novo anúncio | Jardins ibiza,casa,2.400.000,4,5,280,,Eusébio, Coaçu,25-08-2024  15:32
51,Casa 4 quartos na Parquelândia,casa,320.000,4,2,,,Fortaleza, Vila União,25-08-2024  15:32
52,"Elegante, sofisticada e com um projeto que você nunca viu, que contemplam integração, um b",casa,2.500.000,4,5,319,,Eusébio,,25-08-2024  15:31
53,Casa no Alphaville Fortaleza,casa,2.500.000,4,5,330,,Fortaleza, Lagoa Redonda,25-08-2024  15:31
54,Um sonho de residencia triplex 100% mobiliada com piscina aquecida!,casa,2.650.000,5,5,285,,Eusébio,,25-08-2024  15:31
1,Casa Monte Castelo Ótima Oportunidade,casa,350.000,3,2,21625,,Fortaleza, Monte Castelo,24 de ago 16:08
2,"Casa dúplex linda. Vendo, troco, recebo carro. Casa bem abaixo do preço.",casa,150.000,4,2,154,,São Gonçalo do Amarante,,24 de ago 15:57
3,"Casa dos Sonhos - Duplex, Mobiliada, Alto Padrão",casa,1.390.000,5,5,240,,Caucaia, Icaraí,24 de ago 14:43
4,Vendo casa de praia,casa,500.000,5,5,900,,Fortaleza, Meireles,24 de ago 14:33
5,Condomínio Ocean Garden | Lançamento,casa,2.699.000,4,4,251,,Aquiraz,,25-08-2024  15:30
6,Terras Alphaville Ceará 3,casa,1.790.000,5,5,252,,Eusébio, Coaçu,25-08-2024  15:30
7,"Casa à venda, 235 m² por R$ 2.700.000,00 - Alphaville Fortaleza - Fortaleza/CE",casa,2.700.000,4,5,235,,Fortaleza, Lagoa Redonda,25-08-2024  15:30
8,"Casa à venda, 350 m² por R$ 2.700.000,00 - Cidade Alpha - Eusébio/CE",casa,2.700.000,5,5,350,,Eusébio, Cidade Alpha,25-08-2024  15:29
9,"Casa à venda, 290 m² por R$ 2.750.000,00 - Jardins Ibiza - Eusébio/CE",casa,2.750.000,3,4,290,,Eusébio, Coaçu,25-08-2024  15:29
10,"Casa duplex mais completa do mercado com 4 dormitórios à venda, 355 m² por R$ 2.800.000 -",casa,2.750.000,4,5,355,,Eusébio, Cidade Alpha,25-08-2024  15:29
11,"Casa Alphaville Ceará com 5 dormitórios à venda, 350 m² por R$ 2.795.000 - Cidade Alpha -",casa,2.795.000,5,5,350,,Eusébio, Cidade Alpha,25-08-2024  15:28
12,"Casa à venda, 403 m² por R$ 2.800.000,00 - Cidade Alpha - Eusébio/CE",casa,2.800.000,5,5,403,,Eusébio, Cidade Alpha,25-08-2024  15:27
13,"Casa na Cidade Alpha Ceará, com 4 dormitórios à venda, 378 m² por R$ 2.800.000 - Cidade Al",casa,2.800.000,4,5,378,,Eusébio,,25-08-2024  15:27
14,Disponível para você. Uma residência em lote único de 638m | Semi mobiliada.,casa,2.800.000,5,5,420,,Fortaleza, Lagoa Redonda,25-08-2024  15:27
15,"Casa com 5 dormitórios à venda, 403 m² por R$ 2.800.000,00 - Cidade Alpha - Eusébio/CE",casa,2.800.000,5,5,403,,Eusébio, Cidade Alpha,25-08-2024  15:27
16,"Casa com 5 dormitórios à venda, 396 m² por R$ 2.899.000,00 - Cidade Alpha - Eusébio/CE",casa,2.899.000,5,5,396,,Eusébio, Cidade Alpha,25-08-2024  15:25
17,"Casa com 4 dormitórios à venda, 363 m² por R$ 2.900.000,00 - Cidade Alpha - Eusébio/CE",casa,2.900.000,4,5,363,,Eusébio, Cidade Alpha,25-08-2024  15:25
18,"Morar bem, com qualidade de vida e um excelente custo benefício? Que tal?",casa,2.900.000,5,5,400,,Fortaleza, Lagoa Redonda,25-08-2024  15:25
19,"Casa, 415 m² - venda por R$ 2.900.000,00 ou aluguel por R$ 17.190,00/mês - Cidade Alpha -",casa,2.900.000,4,5,415,,Eusébio, Cidade Alpha,25-08-2024  15:24
20,"Espetacular Duplex em Alphaville, 100% Mobiliada e decorada, em frente a praça!",casa,2.950.000,4,5,418,,Eusébio,,25-08-2024  15:24
21,"Casa espetacular na Cicade Alpha com 4 dormitórios à venda, 330 m² por R$ 2.950.000 - Cida",casa,2.950.000,4,5,330,,Eusébio, Cidade Alpha,25-08-2024  15:23
22,"Casa com 5 dormitórios à venda, 400 m² por R$ 2.950.000,00 - Alphaville Fortaleza - Fortal",casa,2.950.000,5,5,400,,Fortaleza, Lagoa Redonda,25-08-2024  15:23
23,"Concreto armado, aço, vidro e linhas retas são algumas das características da arquitetura",casa,2.990.000,4,5,400,,Eusébio,,25-08-2024  15:22
24,"423,50m², Nascente, Próximo ao Leiria de Andrade Hospital Le",casa,750.000,5,3,300,,Fortaleza, Aldeota,25-08-2024  15:19
25,"Duplex de altíssimo padrão (PORTEIRA FECHADA), no ponto de entrar e morar.",casa,3.100.000,5,5,398,,Eusébio,,25-08-2024  15:19
26,"Casa com 3 dormitórios à venda, 201 m² por R$ 650.000,00 - José de Alencar - Fortaleza/CE",casa,650.000,3,4,202,,Fortaleza, José de Alencar,25-08-2024  15:19
27,OPORTUNIDADE! Semi-nova | Alphaville Fortaleza,casa,3.190.000,5,5,502,,Fortaleza, Lagoa Redonda,25-08-2024  15:18
28,"Oportunidade do ano! O Melhor custo benefício, pronta para morar no Alphaville Fortaleza",casa,3.190.000,4,5,450,,Fortaleza, Lagoa Redonda,25-08-2024  15:18
29,"Bela residência, para você que deseja exclusividade e bom gosto em uma residência + fachad",casa,3.200.000,4,5,356,,Eusébio,,25-08-2024  15:17
30,Residencia Clássica para venda e locação | Alphaville Fortaleza.,casa,3.300.000,4,5,350,,Fortaleza, Lagoa Redonda,25-08-2024  15:16
31,"Nova, aconchegante e pura elegância, que tal?",casa,2.990.000,5,5,310,,Eusébio,,25-08-2024  15:16
32,"Casa com 4 dormitórios à venda, 430 m² por R$ 3.400.000,00 - Cidade Alpha - Eusébio/CE",casa,3.400.000,4,5,430,,Eusébio, Cidade Alpha,25-08-2024  15:15
33,"Bela Casa Porteira fechada, com subsolo e uma área de lazer belíssima.",casa,3.490.000,4,5,496,,Fortaleza, Lagoa Redonda,25-08-2024  15:15
34,Casa próximo a tucunduba. 50x50,casa,40.000,2,2,50,,Fortaleza, Jangurussu,25-08-2024  15:15
35,"Belíssima residência de esquina, disponível para vocês",casa,3.490.000,4,5,369,,Fortaleza, Lagoa Redonda,25-08-2024  15:14
36,"Oportunidade x Custo Benefício, 04 Suítes, 03 com closet e hidro + piscina, Condomínio Alp",casa,3.490.000,4,5,500,,Fortaleza, Lagoa Redonda,25-08-2024  15:14
37,Residência Jardim,casa,3.500.000,4,5,350,,Fortaleza, Lagoa Redonda,25-08-2024  15:14
38,"Casa na Lagoa do Catu com 4 dormitórios à venda, 350 m² por R$ 3.500.000 - Centro - Aquira",casa,3.500.000,4,5,350,,Aquiraz,,25-08-2024  15:12
39,"Casa com 5 dormitórios à venda, 386 m² por R$ 3.500.000,00 - Cidade Alpha - Eusébio/CE",casa,3.500.000,5,5,386,,Eusébio, Cidade Alpha,25-08-2024  15:11
40,"Casa Moderna Alphaville Fortaleza, projetada, pronta para morar com uma bela área de lazer",casa,3.850.000,4,5,365,,Fortaleza, Lagoa Redonda,25-08-2024  15:11
41,"Nova, linda e pronta para ser sua!",casa,3.890.000,5,5,416,,Fortaleza, Lagoa Redonda,25-08-2024  15:10
42,Casa Nova no Condomínio Alphaville Fortaleza,casa,3.900.000,5,5,380,,Fortaleza, Lagoa Redonda,25-08-2024  15:10
43,Casa Esplêndida | Condomínio Alphaville Eusébio!,casa,3.900.000,4,5,390,,Eusébio, Pires Façanha,25-08-2024  15:10
44,Casa nova no Alphaville Fortaleza,casa,3.900.000,5,5,425,,Fortaleza, Lagoa Redonda,25-08-2024  15:09
45,Já imaginou morar em frente a um belíssimo lago?,casa,3.900.000,4,5,408,,Eusébio,,25-08-2024  15:09
46,Imagina a qualidade de vida que é morar nesse imóvel espetacular? Construído com muita pai,casa,3.900.000,5,5,430,,Fortaleza, Lagoa Redonda,25-08-2024  15:09
47,"Oportunidade | Casa Semi - Nova, terreno de 620 metros no Alphaville Fortaleza",casa,3.900.000,4,5,368,,Fortaleza, Lagoa Redonda,25-08-2024  15:09
48,"Casa, 360 m² - venda por R$ 3.900.000,00 ou aluguel por R$ 30.000,00/mês - Alphaville Eusé",casa,3.900.000,4,5,360,,Eusébio,,25-08-2024  15:08
49,"Requinte, sofisticação e elegância ao seu dispor! Com uma fachada digna de aplausos, que t",casa,3.990.000,4,5,408,,Fortaleza, Lagoa Redonda,25-08-2024  15:08
50,Oportunidade / Casa Nova 05 Suítes com móveis fixos e piscina privativa no Alphaville Fort,casa,3.990.000,5,5,480,,Fortaleza, Lagoa Redonda,25-08-2024  15:07
51,"Nova sugestão de residência, para você exigente que busca alta qualidade de acabamento e g",casa,3.990.000,4,5,400,,Fortaleza, Lagoa Redonda,25-08-2024  15:07
52,Mansão em 2 lotes | Alphaville Eusébio,casa,4.000.000,5,5,600,,Eusébio,,25-08-2024  15:06
53,"Casa Alphaville Fortaleza 04 suítes, piscina privativa e porteira fechada.",casa,4.350.000,4,5,420,,Fortaleza, Lagoa Redonda,25-08-2024  15:05
54,"Belíssimo projeto exclusivo, para você!",casa,4.300.000,5,5,400,,Fortaleza, Lagoa Redonda,25-08-2024  15:04
1,Guaramiranga,casa,250.000,2,2,10250,,Fortaleza, Montese,24 de ago 13:49
2,Lindos Bangalôs privativos na praia de Icaraí de Amontada com 3.000m² de Terreno.,casa,1.300.000,4,5,3000,,Amontada,,24 de ago 13:25
3,Casa 3 quartos no Ancuri - Itaitinga,casa,195.000,3,2,77,1,Itaitinga,,24 de ago 13:03
4,CONDOMÍNIO FECHADO NA REGIÃO QUE MAIS CRESCE!,casa,259.900,3,3,80,,Caucaia, Icaraí,24 de ago 12:13
5,"Nova e pronta para morar, há 05 minutos do beach Park e 15 minutos do Rio mar Papicu?",casa,4.300.000,5,5,460,,Fortaleza, Lagoa Redonda,25-08-2024  15:04
6,"Nova, linda e aconchegante no Alphaville Fortaleza? Projeto exclusivo.",casa,4.300.000,5,5,458,,Fortaleza, Lagoa Redonda,25-08-2024  15:04
7,Vende-se casa duplex no bairro Vila Peri,casa,290.000,4,3,160,1,Fortaleza, Vila Peri,25-08-2024  15:03
8,Condomínio Alphaville Fortaleza | Oportunidade,casa,4.490.000,5,5,450,,Fortaleza, Lagoa Redonda,25-08-2024  15:01
9,"Casa à venda, 400 m² por R$ 4.490.000,00 - Centro - Eusébio/CE",casa,4.490.000,5,5,400,,Eusébio,,25-08-2024  15:01
10,Belíssima Casa no Condomínio Alphaville Fortaleza com 05 suítes.,casa,4.500.000,5,5,580,,Fortaleza, Lagoa Redonda,25-08-2024  15:00
11,Linda casa à venda no Condomínio Alphaville Fortaleza.,casa,4.500.000,4,5,430,,Fortaleza, Lagoa Redonda,25-08-2024  14:59
12,Casa fechada Caucaia garrote vilagem,casa,150.000,2,2,360,,Caucaia,,25-08-2024  14:58
13,Vende se ou troca,casa,45.000,2,1,,,Fortaleza, Centro,25-08-2024  14:47
14,Linda casa de alto padrão na Cidade Alpha com 3 suítes,casa,1.780.000,4,4,253,,Eusébio,,25-08-2024  14:41
15,Casa em condomínio fechado no Eusébio com 3 suítes - Mansões Concept,casa,799.000,3,3,128,,Eusébio,,25-08-2024  14:34
16,Casa de condomínio com 4 suítes na Cidade Alpha,casa,1.350.000,4,5,248,,Eusébio,,25-08-2024  14:34
17,CASA DE ESQUINA NO EUSÉBIO,casa,849.000,3,4,,,Eusébio, Centro,25-08-2024  14:29
18,Casa linda opção com 3 suítes - Jardim Icaraí - Caucaia-CE,casa,315.000,3,3,102,,Caucaia, Jardim Icaraí,25-08-2024  14:28
19,Casa reformada no bairro José de Alencar à venda,casa,98.000,,,,,Fortaleza, José de Alencar,25-08-2024  14:24
20,Casa a venda ?,casa,80.000,2,1,,,Maracanaú, Piratininga,25-08-2024  14:21
21,"Casa com 5 dormitórios à venda, 411 m² por R$ 4.650.000,00 - Centro - Eusébio/CE",casa,4.650.000,5,5,411,,Eusébio,,25-08-2024  14:17
22,"Casa nova, 05 suítes + escritório e planta inteligente no Alphaville Fortaleza",casa,4.650.000,5,5,501,,Fortaleza, Lagoa Redonda,25-08-2024  14:16
23,"Casa com 5 dormitórios à venda, 550 m² por R$ 4.950.000,00 - Lagoa do Uruau - Beberibe/CE",casa,4.950.000,5,5,550,,Beberibe,,25-08-2024  14:16
24,Oportunidade de Casa Porteira Fechada na parte mais alta do Alphaville Fortaleza,casa,4.990.000,5,5,510,,Fortaleza, Lagoa Redonda,25-08-2024  14:16
25,"Exclusividade, Mansão com 03 frentes no Alphaville Fortaleza.",casa,5.000.000,4,5,500,,Fortaleza, Lagoa Redonda,25-08-2024  14:15
26,"Volumetria e elegância a definem, uma bela casa de esquina para chamar de sua",casa,5.300.000,5,5,470,,Fortaleza, Lagoa Redonda,25-08-2024  14:14
27,Mansão em 02 lotes disponível para vocês!,casa,5.300.000,4,5,535,,Fortaleza, Lagoa Redonda,25-08-2024  14:14
28,Duplex a venda | Porteira fechada.,casa,5.390.000,5,5,480,,Fortaleza, Lagoa Redonda,25-08-2024  14:13
29,Sobrado para venda com 341 metros quadrados com 5 quartos em Centro - Eusébio - CE,casa,3.200.000,5,5,341,,Eusébio, Centro,25-08-2024  14:13
30,"Casa à venda, 480 m² por R$ 5.495.000,00 - Porto das Dunas - Aquiraz/CE",casa,5.495.000,5,5,480,,Aquiraz,,25-08-2024  14:13
31,"Casa à venda, 560 m² por R$ 5.500.000,00 - Santo Antonio - Eusébio/CE",casa,5.500.000,3,4,560,,Eusébio,,25-08-2024  14:13
32,Mansão em 2 lotes mobiliara e projetada no Condomínio Alphaville Ceará,casa,5.500.000,5,5,600,,Eusébio,,25-08-2024  14:13
33,"Porteira Fechada, móveis assinados, Design exclusivo, 05 Suítes e muito mais que essa resi",casa,5.700.000,5,5,500,,Fortaleza, Lagoa Redonda,25-08-2024  14:12
34,"Casa de Alto Luxo, Eusébio - CE.",casa,5.800.000,4,5,400,,Eusébio, Coaçu,25-08-2024  14:11
35,Mansão Alphaville Fortaleza,casa,5.900.000,5,5,650,,Fortaleza, Lagoa Redonda,25-08-2024  14:11
36,"Elegante, sofisticada e pronta para morar. PORTEIRA FECHADA.",casa,6.000.000,4,5,500,,Fortaleza, Lagoa Redonda,25-08-2024  14:10
37,Que tal tomar café da manhã com essa Vista mar todos os dias?,casa,6.000.000,4,5,605,,Fortaleza, Vicente Pinzon,25-08-2024  14:10
38,"Casa no Carmel Atlantico com 4 dormitórios à venda, 650 m² por R$ 6.499.000 - De Lourdes -",casa,6.499.000,4,5,650,,Fortaleza, Vicente Pinzon,25-08-2024  14:10
39,Casa a venda no Alphaville Fortaleza,casa,7.500.000,5,5,550,,Fortaleza, Lagoa Redonda,25-08-2024  14:08
40,"A casa dos sonhos? Você encontra aqui. O verdadeiro significado do luxo, ao seu dispor.",casa,13.000.000,5,5,780,,Fortaleza, Lagoa Redonda,25-08-2024  14:06
41,Mansão Cinematográfica Alphaville Fortaleza,casa,13.000.000,5,5,883,,Fortaleza, Lagoa Redonda,25-08-2024  14:05
42,Condomínio Alphaville Fortaleza | Residência Porteira Fechada,casa,13.900.000,4,5,803,,Fortaleza, Lagoa Redonda,25-08-2024  14:05
43,A casa dos sonhos ao seu dispor.,casa,13.900.000,5,5,811,,Fortaleza, Lagoa Redonda,25-08-2024  14:05
44,Um Paraíso chamado Alphaville Fortaleza,casa,22.000.000,4,5,900,,Fortaleza, Lagoa Redonda,25-08-2024  14:03
45,Esse Triplex é de tirar o fôlego,casa,9.000.000,5,5,2500,,Aquiraz,,25-08-2024  14:03
46,"Um Verdadeiro Palácio, um sonho 923 metros de área construída e um terreno de 815metros, j",casa,9.000.000,5,5,923,,Fortaleza, Lagoa Redonda,25-08-2024  14:02
47,"Mansão com fachada arrojada e elegante, feita nos mínimos detalhes",casa,9.500.000,5,5,750,,Fortaleza, Lagoa Redonda,25-08-2024  14:02
48,Casa duplex com amplo terreno e suite master com closet no Eusébio,casa,460.064,3,3,128,,Eusébio,,25-08-2024  13:59
49,Uma oportunidade de transformação da realidade da sua família,casa,350.065,3,2,93,,Eusébio,,25-08-2024  13:59
50,Linda casa plana com 3 suítes no Eusébio,casa,385.004,3,3,101,,Eusébio,,25-08-2024  13:59
51,Leia a Descrição casa mais kitnets,casa,1,,,,,Fortaleza, Jangurussu,25-08-2024  13:58
52,Vendo CASA Siqueira - menor preço da região.,casa,95.000,2,1,112,1,Fortaleza, Siqueira,25-08-2024  13:53
53,"Sobrado com 6 dormitórios à venda, 240 m² por R$ 1.650.000,00 - Cumbuco - Caucaia/CE",casa,1.650.000,5,5,240,,Caucaia, Cumbuco,25-08-2024  13:45
54,"Casa Plana no Summerville Cumbuco, 141m², R$ 800.000,00",casa,800.000,3,3,141,,Caucaia, Cumbuco,25-08-2024  13:45
